Asset_ID*,Product_Name,Manufacturing_Year*,Motor_Operating_Hours,Mileage,Machine_Serial_No,Gross_Weight,Operating_Weight,Bucket_Capacity,Engine_Power,Lifting_Capacity,Service_Date,Operating_Hours,Service_at_KMs,Engine_Repaired_Overhauling,Valuation_Amount,Sale_Price*
1.49E+12,Backhoe Loader 0101 Caterpillar 424B ,2015,10,20,jbn201,120,120,120,120,120,2/4/2017 0:00,10,20,Yes,100021,110023
1.49E+12,Backhoe Loader 0101 Caterpillar 424B ,2015,10,10,mk120,150,150,150,150,150,2/9/2017 0:00,10,12,No,100193,110212
1.49E+12,Bus Eicher 10.9 ,2016,10,10,,,,150,,,,,,Yes,100035,110039
1.49E+12,Bus Eicher 10.75 ,2017,20,30,EC121WS,10,10,10,10,10,2/4/2017 0:00,20,20,Yes,100114,110125
1.49E+12,Batching Plant 12 Schwing Stetter Asset1 ,2016,20,30,,,,10,,,,20,,Yes,100046,110051
1.49E+12,Backhoe Loader 0101 Ashok Leyland BHL435 ,2016,20,30,,,,10,,,,20,,Yes,100037,110041
1.49E+12,Batching Plant 12 Schwing Stetter Asset1 ,2017,20,30,,,,10,,,,20,,No,100055,110061
1.49E+12,Backhoe Loader 0101 JCB 3DX ,2017,20,30,,12,12,12,12,12,,20,,No,,110061
DUMMY1000001,Backhoe Loader 0101 JCB 3DX ,2005,20,30,126560,,,12,,,,20,,Yes,100080,110088
DUMMY1000008,Backhoe Loader 0101 JCB 3DX ,2005,20,30,126560,,,12,,,,20,,Yes,100176,110194
DUMMY1000009,Backhoe Loader 0101 JCB 3DX ,2005,20,30,126560,,,12,,,,20,,Yes,100053,110058
DUMMY1000004,Backhoe Loader 0101 JCB 3DX ,2005,20,30,126560,12,12,12,12,12,,20,,Yes,100112,110123
DUMMY1000005,Backhoe Loader 0101 JCB 3DX ,2005,20,30,126560,12,12,12,12,12,,20,,Yes,100065,110072
104,Truck Tata LPT 2518 ,2005,20,30,126560,,,,,,,20,,Yes,,110072
105,Truck Tata LPT 2518 ,2016,20,11,2344,12,,,,,,11,121,Yes,100190,110209
1.49E+12,Batching PlantSchwing StetterAsset1 ,2017,20,,,,,,,,,,,No,100167,110184
1.49E+12,Backhoe Loader 0101 JCB 3DX ,2012,12,121,12,12,12,12,12,21,2/6/2017 0:00,12,23,Yes,100205,120246
108,Truck Tata LPT 2518 ,2005,12,,126560,,,,,,,,,Yes,100197,110217
109,Truck Tata LPT 2518 ,2016,12,11,2344,12,,,,,,11,121,Yes,100085,110094
1.49E+12,BusSwarajBus ,2016,12,,,14,14,14,14,14,,,,No,100022,110024
1.49E+12,Backhoe Loader 0101 Ashok Leyland BHL435 ,2010,1,1,1,,,,,,2/28/2017 0:00,1,1,Yes,100075,110083
1.49E+12,Backhoe Loader 0101 JCB 3DX ,2017,10,10,10,11,11,11,11,11,3/2/2017 0:00,10,12,No,100061,110067
1.49E+12,DG Set Jacksons 160 KVA ,2017,10,10,,,,,,,,10,,No,100058,110064
101010,DG Set Jacksons 160 KVA ,2015,10,10,,,,,,,,10,,Yes,100180,110198
111111,DG Set Jacksons 160 KVA ,2015,10,10,,,,,,,,10,,Yes,100135,110149
131313,DG Set Jacksons 160 KVA ,2015,10,10,,,,,,,,10,,Yes,100005,110006
121212,Bus Eicher 10.75 ,2016,10,10,,10,10,10,10,10,,10,,Yes,100137,110151
1.49E+12,BusVolvoB9R ,2017,10,10,,,,,,,,10,,No,100032,110035
1.49E+12,Tipper Eicher Terra - 25 ,2015,10,10,,,,,,,,10,,No,,110035
1.49E+12,BusForceTempo Traveller ,2017,10,10,,122,122,122,122,122,,10,,No,100131,110144
1.49E+12,Tractor-new Eicher 485 ,2015,10,10,,,,,,,,10,,No,100103,110113
1.49E+12,BusForceTempo Traveller ,2017,10,10,,122,122,122,122,122,,10,,No,100101,110111
1.49E+12,Piling Rig Sany SR260 1111,2017,12,12,12,11,11,22,22,22,3/17/2017 0:00,12,10,Yes,100188,110207
1.49E+12,Soil Compactor JCB VM 115,2017,12,,,,,,,,,,,No,100163,110179
1.49E+12,Bus Eicher 10.75 ,2017,12,,,10,10,10,10,10,,,,No,100171,110188
1.49E+12,Backhoe Loader 0101 Caterpillar 424B ,2017,12,,,,,34,,,,,,No,100089,110098
1.49E+12,Sweeping Machine Tata LPK 1616,2017,12,,,,,34,,,,,,No,100076,110084
1.49E+12,Bulker Ashok Leyland U 4923 TT,2017,12,,,,,34,,,,,,No,100179,110197
1.49E+12,Excavator-test LiuGong BS865 ,2017,12,,,,,34,,,,,,No,100158,110174
1.49E+12,Rock Breaker Dowin DWT200 ,2012,12,,,,,34,,,,,,No,100169,110186
1.49E+12,BusVolvoB7R ,2017,10,10,123,,,34,,,,10,,Yes,100040,110044
1.49E+12,Excavator-test L&T Komatsu PC 200-6 ,2008,10,,,,,34,,,,,,No,100134,110147
1.49E+12,Bus Eicher 10.75 ,2017,11,22,33,34,200,34,12000,3000,4/5/2017 0:00,11,13,Yes,100066,110073
3.15E+16,Batching PlantSchwing StetterAsset1 ,2016,11,,,,,34,,,,,,Yes,100062,110068
1.49E+12,Wheel Loader Tata Hitachi TL 360Z,2012,10,10,,,,34,,,,10,,Yes,100117,110129
1.49E+12,BulldozerL&TD41 E-6 ,2017,10,,,,,34,,,,,,No,100141,110155
1.49E+12,BulldozerBEMLBD65 ,2017,10,,,100,200,300,400,500,,,,No,100195,110215
1.49E+12,BulldozerBEMLBD65 ,2017,10,,,100,200,300,400,500,,,,No,100070,110077
1.49E+12,BusForceTempo Traveller ,2017,10,10,,122,122,122,122,122,,10,,No,100095,110105
1.49E+12,Bus Eicher 10.75 ,2017,10,10,,122,122,122,122,1400,,10,,No,100147,110162
1.49E+12,Bus Eicher 10.75 ,2017,12,12,12,122,122,122,122,1600,,12,,No,100127,110140
5657,Bus Eicher 10.75 ,2016,5,50,Mac123,10,122,10,122,10,4/3/2017 5:30,5,500,Yes,100115,110127
5659,Bus Eicher Vehicle Body ,2016,5,50,Mac123,,,,,,4/3/2017 5:30,5,500,Yes,100017,110019
5656,Bus Eicher 10.75 ,2016,5,50,Mac123,10,10,10,10,10,4/3/2017 5:30,5,500,Yes,100057,110063
5658,Batching PlantSchwing StetterAsset1 ,2016,10,20,30,,,,,,,10,,Yes,100124,110136
15657,Bus Eicher 10.75 ,2016,10,50,Mac123,10,20,10,20,10,4/3/2017 5:30,5,500,Yes,100155,110171
15659,other1 other2 other4 test varient vichle body,2016,5,50,Mac123,,,,,,4/3/2017 5:30,5,500,Yes,,110171
15658,other other othere q32212 123,2016,10,20,30,,,,,,,10,,Yes,100201,120241
115657,Bus Eicher 10.75 ,2016,10,50,Mac123,10,20,10,20,10,4/3/2017 5:30,5,500,Yes,100184,110202
1.49E+12,Bus Eicher 10.75 ,2017,10,,,34,200,2300,12000,3032,4/3/2017 0:00,500,12,No,100139,110153
1.49E+12,DG Set Jacksons 160 KVA ,2017,10,,,,,,,,,,,No,100030,110033
1.49E+12,Soil Compactor JCB VM 115,2017,12,12,11233,,,,,,,12,,No,100206,120247
1.49E+12,Batching PlantSchwing StetterAsset1 ,2010,12,12,,,,,,,,,,No,100187,110206
12345,Bus Eicher 10.75 ,2017,12,12,,10,10,10,10,10,,,,No,100151,110166
123456,Bus Eicher 10.75 ,2017,12,12,,10,10,10,10,10,,,,No,100109,110120
1.49E+12,BulldozerBEMLBD65 ,2017,12,12,,100,200,300,400,500,,,,No,100016,110018
1.49E+12,Horizantal Directional Drill Vermeer D204X40,2017,12,12,,,,300,,,,,,No,100207,110228
1.49E+12,Backhoe Loader 0101 Ashok Leyland BHL435 ,2017,12,12,,,,300,,,,,,No,100064,110070
1.49E+12,Sweeping Machine Tata LPK 1616,2017,12,12,,,,300,,,,,,No,100143,110157
1.49E+12,Crusher Terex Maxtrak 1000 111,2017,10,10,10,,,300,,,,10,,No,100203,110223
1.49E+12,Soil Compactor Dynapac CA251D,2017,10,,,,,300,,,,10,,No,100028,110031
1.49E+12,Soil Compactor Case New Holland 1107,2017,10,,,,,300,,,,10,,No,100059,110065
1.49E+12,Rock Breaker Tata Hitachi DMB 140 ,2017,10,,,,,300,,,,10,,No,100174,110191
1.49E+12,Rock Breaker Rolex V20 GS ,2017,10,,,,,300,,,,10,,No,100121,110133
1.49E+12,Soil Compactor Dynapac CA251D,2017,10,,,,,300,,,,10,,No,100011,110012
1.49E+12,Batching PlantSchwing StetterAsset1 ,2017,10,,,,,300,,,,10,,No,100009,110010
1.49E+12,Bulker Ashok Leyland U 4923 TT,2017,10,,,,,300,,,,10,,No,100182,110200
1.49E+12,Backhoe Loader 0101 Ashok Leyland BHL435 ,2017,10,,,,,300,,,,10,,No,100105,110116
1.49E+12,Bus Eicher 10.75 ,2017,10,,,34,200,300,12000,32,,10,,No,100099,110109
1.49E+12,Bulker Ashok Leyland U 4923 TT,2017,14,14,14,14,14,300,14,14,,14,,No,100106,110117
1.49E+12,Backhoe Loader 0101 Ashok Leyland BHL435 ,2017,14,,,,,300,,,,,,No,100084,110092
1.49E+12,BulldozerL&TD41 E-6 ,2017,14,,,,,300,,,,,,Yes,100128,110141
1.49E+12,Backhoe Loader 0101 Ashok Leyland BHL435 ,2017,14,,,,,300,,,,,,No,100068,110075
1.49E+12,Backhoe Loader 0101 Ashok Leyland BHL435 ,2017,14,,,,,300,,,,,,No,100149,110164
1.49E+12,BusVolvoB9R ,2017,11,11,11,900,900,300,900,900,5/9/2017 0:00,11,12,Yes,100012,110013
1.49E+12,Backhoe Loader 0101 Ashok Leyland BHL435 ,2017,11,11,11,12,13,300,15,16,,11,,No,100010,110011
1.49E+12,Sweeping Machine Tata LPK 1616 1234,2017,11,11,11,12,,300,,,,11,,No,100186,110205
1.49E+12,Tractor-new Mahindra 575 DI ,2017,11,11,11,12,,300,,,,11,,No,100215,110237
1.49E+12,Tractor-new Mahindra 575 DI ,2017,11,11,11,12,,300,,,,11,,No,100079,110087
1.49E+12,Soil Compactor JCB VM 115,2017,11,11,11,12,,300,,,,11,,No,100160,110176
1.50E+12,Backhoe Loader 0101 JCB 3DX ,2017,11,11,11,12,12,300,12,12,,11,,No,100047,110052
1.50E+12,Batching PlantSchwing StetterAsset1 ,2017,11,11,11,12,,300,,,,11,,No,100118,110130
1.50E+12,Tipper BELAZ 75306 C222,2007,11,11,11,12,,300,,,,11,,Yes,100020,110022
1.50E+12,Backhoe Loader 0101 Ashok Leyland BHL435 ,2017,11,11,11,12,,300,,,,11,,No,100126,110139
1.50E+12,Harvester Dasmesh 912 ,2017,11,11,11,12,,300,,,,11,,No,100136,110150
1.50E+12,Cranes ACE 312019 12 XW ,2017,11,11,11,12,34,300,34,43,,11,,No,100132,110145
1.50E+12,Backhoe Loader 0101 Ashok Leyland BHL435 ,2017,11,11,11,12,,300,,,,11,,No,100007,110008
1.50E+12,Excavator-test Doosan 225 LC-7 ,2017,11,11,11,,,300,,,,11,,No,100033,110036
1.50E+12,Rock Breaker Juno 510 E ,2017,11,11,11,,,300,,,,11,,No,100119,110131
1.50E+12,BusForceTempo Traveller ,2017,12,12,12,122,122,300,122,122,,11,,No,100072,110079
1.50E+12,Piling Rig Mait HR180,2017,12,,,,,300,,,,11,,No,100023,110025
1.50E+12,BusSwarajBus ,2017,12,,,14,14,300,14,14,,11,,No,100125,110138
1.50E+12,Backhoe Loader 0101 JCB 3DX ,2010,12,,,12,12,300,12,12,,11,,No,100130,110143
1.50E+12,Batching PlantSchwing StetterAsset1 ,2012,12,,,,,300,,,,11,,No,100027,110030
1.50E+12,Excavator-test JCB JS 140 ,2014,11,11,11,1,1,300,1,1,,11,,No,100153,110168
1.50E+12,Bus Eicher 10.75 ,2017,11,11,,34,200,300,12000,32,,11,,No,100183,110201
1.50E+12,Tractor-new Eicher 485 ,2017,11,11,,,,300,,,,11,,Yes,,500000
1.50E+12,Paver Apollo WM-6,2014,11,11,,,,300,,,,11,,No,100142,110156
1.50E+12,Piling Rig Mait HR180,2017,11,11,,,,300,,,,11,,No,100036,110040
1.50E+12,Backhoe Loader 0101 Case New Holland Case 770 2020 ,2017,11,11,,,,300,,,,11,,No,100045,110050
1.50E+12,Batching Plant Schwing Stetter Asset1,2008,11,11,,,,300,,,,11,,No,,110050
1.50E+12,Batching PlantUniversal ConstructionRM 1050 ,2013,12,10,,,,300,,,,11,,No,100145,110160
1.50E+12,Crusher Terex Maxtrak 1000,2017,12,10,,,,300,,,,11,,No,100148,110163
1.50E+12,DG Set Jacksons 160 KVA ,2017,12,10,,,,300,,,,11,,No,100111,110122
1.50E+12,Rock Breaker Rolex V20 GS ,2017,12,10,,,,300,,,,11,,No,100025,110028
1.50E+12,Soil Compactor Greaves BW212,2017,12,10,,,,300,,,,11,,No,100013,110014
1.50E+12,Horizantal Directional Drill Vermeer D204X40,2017,12,10,,,,300,,,,11,,No,100200,110220
1.50E+12,Rock Breaker Hyundai HDB 230-9 ,2017,12,10,,,,300,,,,11,,No,100096,110106
1.50E+12,Batching PlantSchwing StetterAsset1 ,2017,12,10,,,,300,,,,11,,No,100051,110056
12345678,Bus Eicher 10.75 ,2017,12,10,,10,10,300,10,10,,11,,No,100140,110154
1.50E+12,Paver Apollo WM-6,2017,12,10,,,,300,,,,11,,No,100041,110045
1.50E+12,Horizantal Directional Drill Vermeer D204X40,2017,12,10,,,,300,,,,11,,No,100088,110097
123456789,Bus Eicher 10.75 ,2017,12,10,,10,10,300,10,10,,11,,No,100196,110216
1.50E+12,Piling Rig Mait HR180,2017,12,10,,,,300,,,,11,,No,100146,110161
1.50E+12,Rock Breaker Hyundai HDB 230-9 ,2017,12,10,,,,300,,,,11,,No,100044,110048
1.50E+12,Batching PlantSchwing StetterAsset1 ,2017,12,10,,,,300,,,,11,,No,100152,110167
1.50E+12,DG Set Jacksons 160 KVA ,2017,12,10,,,,300,,,,11,,No,100108,110119
852369,Bus Eicher 10.75 ,2017,12,10,,10,10,300,10,10,,11,,No,,110119
1.50E+12,Batching PlantSchwing StetterAsset1 ,2017,12,10,,,,300,,,,11,,No,100067,110074
1.50E+12,Paver Apollo WM-6,2017,12,10,,,,300,,,,11,,No,100034,110037
1.50E+12,Bulker Ashok Leyland U 4923 TT,2017,12,10,,,,300,,,,11,,No,100177,110195
1.50E+12,Sweeping Machine Tata LPK 1616,2017,12,10,,,,300,,,,11,,No,100164,110180
1.50E+12,Piling Rig Mait HR180,2016,12,10,,,,300,,,,11,,No,100120,110132
1.50E+12,Batching PlantSchwing StetterAsset1 ,2017,12,10,,,,300,,,,11,,No,100162,110178
1.50E+12,Batching PlantSchwing StetterAsset1 ,2017,12,10,,,,300,,,,11,,No,100199,110219
1.50E+12,Horizantal Directional Drill Vermeer D204X40,2017,12,10,,,,300,,,,11,,No,100074,110081
1.50E+12,Backhoe Loader 0101 Ashok Leyland BHL435 ,2017,12,12,12,,,300,,,,11,,No,100161,110177
1.50E+12,Bulker Ashok Leyland U 4923 TT,2017,23,12,,,,300,,,,11,,No,100102,110112
1.50E+12,Batching PlantSchwing StetterAsset1 ,2017,23,12,,,,300,,,,11,,No,,110112
1.50E+12,BulldozerBEMLBD65 ,2017,23,12,,100,200,300,400,500,,11,,No,100001,110001
1.50E+12,Backhoe Loader 0101 Ashok Leyland BHL435 ,2017,23,12,,,,300,,,,11,,No,100122,110134
1.50E+12,Bus Eicher Vehicle Body ,2017,23,12,,,,300,,,,11,,No,100104,110114
1.50E+12,Bus Eicher 10.75 ,2017,23,12,,34,200,300,12000,32,,11,,No,100063,110069
1.50E+12,Bus Eicher 10.75 ,2017,23,12,,34,200,300,12000,32,,23,,No,100029,110032
1.50E+12,Backhoe Loader 0101 Ashok Leyland BHL435 ,2017,23,12,,,,300,,,,23,,No,100056,110062
1.50E+12,Backhoe Loader 0101 Ashok Leyland BHL435 ,2017,23,12,,,,300,,,,23,,No,100052,110057
3,Backhoe Loader 0101 JCB 3DX ,2014,23,12,,12,12,300,12,12,,23,,No,100069,110076
2,Backhoe Loader 0101 JCB 3DX ,2014,23,12,,12,12,300,12,12,,23,,No,100049,110054
4,Backhoe Loader 0101 JCB 3DX ,2014,23,12,,12,12,300,12,12,,23,,No,100026,110029
1,Backhoe Loader 0101 JCB 3DX ,2014,23,12,,12,12,300,12,12,,23,,No,100192,110211
5,Backhoe Loader 0101 JCB 3DX ,2014,23,12,,12,12,300,12,12,,23,,No,100116,110128
6,Backhoe Loader 0101 JCB 3DX ,2014,23,12,,12,12,300,12,12,,23,,No,100077,110085
7,Backhoe Loader 0101 JCB 3DX ,2014,23,12,,12,12,300,12,12,,23,,No,100071,110078
1.50E+12,Paver Apollo WM-6,2017,23,12,,,,300,,,,23,,No,100003,110003
1.50E+12,Bulker Ashok Leyland U 4923 TT,2017,23,12,,,,300,,,,23,,No,100050,110055
1.50E+12,Backhoe Loader 0101 Ashok Leyland BHL435 ,2017,23,12,,,,300,,,,23,,No,100150,110165
582365,Bus Eicher 10.75 ,1985,23,12,,10,10,300,10,10,,23,,No,100166,110183
582367,Bus Eicher 10.75 ,2015,23,12,,10,10,300,10,10,,23,,No,100172,110189
1.50E+12,Crusher Terex Maxtrak 1000,2017,23,12,,,,300,,,,23,,No,100038,110042
1.50E+12,DG Set Jacksons 160 KVA ,2017,23,12,,,,300,,,,23,,No,100098,110108
954040,Bus Eicher 10.75 ,2015,23,12,,10,10,300,10,10,,23,,No,100015,110017
954041,Bus Eicher 10.75 ,2015,23,12,,10,10,300,10,10,,23,,No,100144,110158
1.50E+12,Bulker Ashok Leyland U 4923 TT,2017,23,12,,,,300,,,,23,,No,100054,110059
954042,Bus Eicher 10.75 ,2015,23,12,,10,10,300,10,10,,23,,No,100107,110118
1.50E+12,Bulker Ashok Leyland U 4923 TT,2017,23,12,,,,300,,,,23,,No,,500000
FAP_6,Backhoe Loader 0101 JCB 3DX ,2014,23,12,,12,12,300,12,12,,23,,No,100185,120222
FAP_5,Backhoe Loader 0101 JCB 3DX ,2014,23,12,,12,12,300,12,12,,23,,No,,900000
FAP_4,Backhoe Loader 0101 JCB 3DX ,2014,23,12,,12,12,300,12,12,,23,,No,100019,120023
FAP_2,Backhoe Loader 0101 JCB 3DX ,2014,23,12,,12,12,300,12,12,,23,,No,100042,110046
FAP_3,Backhoe Loader 0101 JCB 3DX ,2014,23,12,,12,12,300,12,12,,23,,No,100154,110169
1.50E+12,Backhoe Loader 0101 JCB 3DX ,2017,23,12,,12,12,300,12,12,,23,,No,700000,700000
1.50E+12,Tipper Ashok Leyland 2518 ,2017,100,12,,150,150,300,150,150,,23,,No,6000000,6000000
1.50E+12,Tipper Ashok Leyland 2518 ,2017,100,12,,150,150,300,150,150,,23,,No,,12000
1.50E+12,Tipper Ashok Leyland 2518 ,2017,100,12,,150,150,300,150,150,,23,,No,,12000
1.51E+12,Batching PlantSchwing StetterAsset1 ,2017,100,12,,,,300,,,,23,,No,,34567
1.51E+12,CranesACEMobile Crane ,2017,12,12,12,100,200,300,400,500,11/7/2017 0:00,23,1500,No,1200000,1200000
1.51E+12,Backhoe Loader 0101 Ashok Leyland BHL435 ,2017,12,,,,,300,,,,23,,No,100092,110101
1.51E+12,Backhoe Loader 0101 Ashok Leyland BHL435 ,2017,12,23,,,,300,,,,23,,No,100204,110224
1.51E+12,BusForceTempo Traveller ,2017,12,23,,122,122,300,122,122,,23,,No,100002,110002
1.51E+12,Excavator-test Hyundai R 110-7 ,2017,12,23,,,,300,,,,23,,No,,110002
1.51E+12,Bus Eicher 10.75 ,2017,12,23,,34,200,300,12000,42,,23,,No,100078,110086
1.51E+12,BusSwarajBus ,2017,12,23,,14,14,300,14,14,,23,,No,100202,110222
1.51E+12,CranesLink BeltHC 218 ,2017,12,23,,,,300,,,,23,,No,100138,110152
1.51E+12,Paver 343 34343,2017,12,23,,,,300,,,,23,,No,100082,110090
1.51E+12,Tractor-new Eicher 485 ,2017,12,23,,,,300,,,,23,,No,,20000
1.51E+12,Bulker Ashok Leyland hjkh,2017,12,23,,,,300,,,,23,,No,100060,110066
1.51E+12,Batching PlantSchwing StetterAsset1 ,2017,12,23,,,,300,,,,23,,No,100039,110043
1.51E+12,Rock Breaker Dowin DWT200 ,2017,12,23,,,,300,,,,23,,No,100018,110020
1.51E+12,Bus Eicher 10.75 ,2017,10,20,mac20,34,200,300,12000,182,,23,,No,100031,110034
1.51E+12,Tandem Roller Dynapac C222 Trade,2015,10,,,,,300,,,,23,,No,,400000
1.51E+12,Bus Eicher 10.75 ,2017,10,10,mc12,34,200,300,12000,182,,23,,No,100113,110124
14141414148,Bus Eicher 10.75 ,2010,10,10,,10,10,300,10,10,,23,,No,,52000
1.51E+12,Bus Eicher 10.75 ,2017,10,10,,34,200,300,12000,532,,23,,No,100024,110026
1.51E+12,Bus Eicher 10.75 ,2017,10,10,,34,200,300,12000,32,,23,,No,100073,110080
1.51E+12,DG Set Jacksons 160 KVA ,2017,10,10,,,,300,,,,23,,No,100087,110096
1.51E+12,Bus Eicher 10.75 ,2017,10,10,,34,200,300,12000,154,,23,,No,100083,110091
1.51E+12,Paver Apollo WM-6,2017,10,10,,,,300,,,,23,,No,100110,110121
1.51E+12,Crusher Terex Maxtrak 1000 Test Auction lot,2017,10,10,,,,300,,,,23,,No,100100,110110
1.51E+12,Tandem Roller Dynapac C222,2017,11,11,11,,,300,,,,23,,No,100093,110102
1.51E+12,Soil Compactor Dynapac CA251D,2017,11,,,,,300,,,,23,,No,100198,110218
1.51E+12,Excavator-test Hyundai R 110-7 ,2017,11,,,,,300,,,,23,,No,,110218
1.51E+12,Bulker Ashok Leyland U 4923 TT,2017,11,,,,,300,,,,23,,No,100194,110213
1.51E+12,Bulker Ashok Leyland U 4923 TT,2017,11,,,,,300,,,,23,,No,,15000000
1.51E+12,Batching PlantSchwing StetterAsset1 ,2017,11,,,,,300,,,,23,,No,,600000
1.51E+12,Backhoe Loader 0101 Ashok Leyland BHL435 ,2017,11,,,,,300,,,,23,,No,100097,110107
1.51E+12,Horizantal Directional Drill Vermeer D204X40,2017,11,,,,,300,,,,23,,No,100181,110199
1.51E+12,Bulker Ashok Leyland U 4923 TT,2017,11,,,,,300,,,,23,,No,,1500000
7016603087,Bus Eicher 10.75 ,2011,11,,,10,10,300,10,10,,23,,No,100004,110004
1.51E+12,CranesLink BeltHC 218 ,2017,11,,,,,300,,,,23,,No,100086,110095
1.51E+12,Backhoe Loader 0101 JCB 3DX ,2017,1000,2,11111,12,12,300,12,12,,23,,No,,6000000
1.51E+12,Backhoe Loader 0101 Ashok Leyland BHL435 ,2017,1000,2,,,,300,,,,23,,No,,66666666
1.51E+12,Backhoe Loader 0101 JCB 3DX ,2017,1000,2,,12,12,300,12,12,,23,,No,,5000000
1.51E+12,Cranes Escorts F15,2017,1000,2,,,,300,,,,23,,No,100178,110196
1.51E+12,Sweeping Machine Tata LPK 1616,2017,1000,2,,,,300,,,,23,,No,100156,110172
1.51E+12,Soil Compactor Dynapac CA251D,2017,1000,2,,,,300,,,,23,,No,100081,110089
1.51E+12,Backhoe Loader 0101 Ashok Leyland BHL435 ,2017,1000,2,,,,300,,,,23,,No,,600000
1.51E+12,Crusher Terex XA 400 XYZ Terex,2017,10,11,12,,,300,,,,23,,No,,5000000
1.51E+12,Rock Breaker Hyundai HDB 230-9 ,2017,10,,,,,300,,,,23,,No,100159,110175
1.51E+12,Backhoe Loader 0101 JCB 3DX ,2017,100,40,,12,12,300,12,12,,23,,No,100165,110182
1.51E+12,Backhoe Loader 0101 Ashok Leyland BHL435 ,2017,100,40,,,,300,,,,23,,No,,60000
1.51E+12,Backhoe Loader 0101 JCB 3DX ,2017,100,40,,12,12,300,12,12,,23,,No,,120000
1.51E+12,Truck Eicher 10.75 ,2017,50,60,70,500,600,300,800,900,11/8/2017 0:00,23,1200,No,100216,110238
1.51E+12,Backhoe Loader 0101 Ashok Leyland BHL435 ,2017,50,60,,,,300,,,,23,,No,100208,110229
1.51E+12,Truck Ashok Leyland 2516 XL,2017,50,60,,,,300,,,,23,,No,100217,110239
1.51E+12,Truck Eicher 10.95 ,2017,50,60,,,,300,,,,23,,No,100218,110240
1.51E+12,Tractor-new Case New Holland 3032 ,2017,50,60,,,,300,,,,23,,No,100209,110230
1.51E+12,Backhoe Loader 0101 Ashok Leyland BHL435 ,2017,50,60,,,,300,,,,23,,No,100008,110009
1.51E+12,Batching PlantSchwing StetterAsset1 ,2017,50,60,,,,300,,,,23,,No,100189,110208
1.51E+12,Tipper AMW 2518 TP ,2017,50,60,,,,300,,,,23,,No,100219,110241
1.51E+12,Backhoe Loader 0101 Ashok Leyland BHL435 ,2017,50,60,,,,300,,,,23,,No,100214,110235
1.51E+12,Tractor-new Eicher 485 ,2017,20,30,40,10,20,300,40,50,11/8/2017 0:00,23,20,Yes,100221,110243
1.51E+12,Tractor-new Eicher 485 ,2017,20,30,40,10,20,300,40,50,11/8/2017 0:00,23,20,No,100211,110232
1.51E+12,BusForceTempo Traveller ,2017,121,14,161,122,122,300,122,122,11/8/2017 0:00,23,10,Yes,100212,110233
1.51E+12,Cranes Link Belt HC 218,2017,121,14,,,,300,,,,23,,No,,110233
1.51E+12,Bulker Ashok Leyland U 4923 TT,2017,121,14,,,,300,,,,23,,No,100014,110015
1.51E+12,Backhoe Loader 0101 Ashok Leyland BHL435 ,2017,121,14,,,,300,,,,23,,No,,800000
1.51E+12,Backhoe Loader 0101 Case New Holland BHL435 ,2017,121,14,,,,300,,,,23,,No,100000,110000
1.51E+12,Crusher Terex Maxtrak 1000,2017,121,14,,,,300,,,,23,,No,,110000
1.51E+12,Sweeping Machine Tata LPK 1616,2017,121,14,,,,300,,,,23,,No,100043,110047
1.51E+12,Tractor-new Eicher 485 ,2017,121,14,,,,300,,,,23,,No,100173,110190
1.51E+12,Backhoe Loader 0101 Ashok Leyland BHL435 ,2017,121,14,,,,300,,,,23,,No,,110185
1.51E+12,Tractor-new Case New Holland 3032 ,2017,121,14,,,,300,,,,23,,No,100168,110185
1.51E+12,Backhoe Loader 0101 Case New Holland Case 770 2020 ,2017,121,14,,,,300,,,,23,,No,100048,110053
1.51E+12,Excavator-test Tata Hitachi UH-083 ,2017,121,14,,,,300,,,,23,,No,100090,110099
1.51E+12,DG Set Jacksons 160 KVA ,2017,121,14,,,,300,,,,23,,No,,110099
1.51E+12,DG Set Jacksons 160 KVA ,2017,121,14,,,,300,,,,23,,No,100123,110135
1.51E+12,Backhoe Loader 0101 Ashok Leyland BHL435 ,2017,121,14,,,,300,,,,23,,No,100133,110146
1.51E+12,Backhoe Loader 0101 Ashok Leyland BHL435 ,2017,121,14,,,,300,,,,23,,No,100129,110142
1.51E+12,Backhoe Loader 0101 Case New Holland CASE 851 EX ,2017,121,14,,,,300,,,,23,,No,,110142
1.51E+12,Truck Ashok Leyland 2516 XL Test ashok,2008,50,60,70,100,200,300,400,500,11/14/2017 0:00,23,20,Yes,100213,110234
95404015881,Bus Eicher 10.75 ,2011,50,,,10,10,10,10,10,,23,,No,100223,110245
1.51E+12,DG Set Jacksons 160 KVA ,2017,200,30,400,100,200,300,400,500,,23,,No,100006,110007
1.51E+12,Truck Ashok Leyland 2516 XL,2009,200,30,,,,,,,,23,,No,100224,110246
1.51E+12,Excavator-test Doosan 225 LC-7 ,2017,200,30,,,,,,,,23,,No,,110246
1.51E+12,Bulldozer Komatsu D60,2017,200,30,,,,,,,,23,,No,100175,110246
1.51E+12,Bus Eicher 10.75 ,2017,200,30,,10,10,10,10,10,,23,,No,100225,110248
9.54E+12,Bus Eicher 10.75 ,2011,200,30,,10,10,10,10,10,,23,,No,100227,110250
1.51E+12,Tipper AMW 2518 TP ,2004,200,30,,,,10,,,,23,,No,100228,110251
1.51E+12,YYK YYYK2 YYYK2 Model 1,2017,200,30,,,,10,,,,23,,No,100229,110252
1.51E+12,Tipper AMW 2518 TP ,2010,200,30,,,,10,,,,23,,No,100230,110253
1.51E+12,Tipper AMW 2518 TP ,2004,200,30,,,,10,,,,23,,No,100231,110254
1.51E+12,Tipper Ashok Leyland 2516 ,2010,200,30,,,,10,,,,23,,No,100232,110255
1.51E+12,Tipper Ashok Leyland 2516 ,2013,150,30,,,,10,,,,23,,No,100233,110256
1.51E+12,Tipper Ashok Leyland 2516 ,2017,150,30,,,,10,,,,23,,No,100234,110257
1.51E+12,Excavator-test Doosan 225 LC-7 ,2004,150,30,,,,10,,,,23,,No,100235,110259
1.51E+12,Tractor-new Case New Holland 3037 ,2017,150,30,,,,10,,,,23,,No,100236,110260
1.51E+12,Tractor-new Case New Holland 4010 ,2017,150,30,,,,10,,,,23,,No,100237,110261
1.51E+12,Tractor-new Case New Holland 3037 ,2017,150,30,,,,10,,,,23,,No,100238,110262
1.51E+12,Truck Daimler 1214R E 4X2 4500 DYC CHS NT GB,2017,150,30,,,,10,,,,23,,No,100239,110263
1.51E+12,Tipper AMW 2518 TP ,2009,150,30,,,,10,,,,23,,No,100240,110264
1.51E+12,Excavator-test Caterpillar 320CL ,2009,150,30,,,,10,,,,23,,No,100241,110265
1.51E+12,Crusher Terex Maxtrak 1000,2003,150,30,,,,10,,,,23,,No,100242,110266
1.51E+12,Transit Mixer Ashok Leyland 2516,2017,2000,20,,,,10,,,,23,,No,100243,110267
1.51E+12,Backhoe Loader 0101 Ashok Leyland BHL435 ,2017,2000,,,,,10,,,,23,,No,100244,110268
1.51E+12,Tractor-new Case New Holland 3032 ,2017,2000,,,,,10,,,,23,,No,100245,110270
1.51E+12,Tipper Ashok Leyland 2516 ,2017,2000,,,,,10,,,,23,,No,100246,110271
1.51E+12,Truck Daimler 1214R E 4X2 4500 DYC CHS NT GB,2017,2000,,,,,10,,,,23,,No,100247,110272
9540401529999M,Truck Eicher 10.95 ,2009,2000,10,1250,10,10,10,10,10,,23,,No,100248,110273
9540401529999L,Concrete Pump Greaves BP 350D Test demo saket111 Test,2015,2000,10,60,10,10,10,10,10,,23,,No,100249,110274
1.51E+12,Tipper Ashok Leyland 2516 ,2017,2000,10,,,,10,,,,23,,No,100250,110275
1.51E+12,Tipper AMW 2518 TP ,2017,2000,10,,,,10,,,,23,,No,100251,110276
1.51E+12,Backhoe Loader 0101 JCB 3DX ,2017,2000,10,,12,12,10,12,12,,23,,No,100252,110277
1.51E+12,Tipper AMW 2518 TP ,2017,2000,10,,,,10,,,,23,,No,100253,110278
1.51E+12,Tractor-new New Holland Fiat 4010 ,2017,2000,10,,,,10,,,,23,,No,100254,110279
1.51E+12,Tractor-new New Holland Fiat 3037 ,2017,2000,10,,,,10,,,,23,,No,100255,110281
1.51E+12,Tractor-new New Holland Fiat 3230 ,2017,2000,10,,,,10,,,,23,,No,100256,110282
1.51E+12,Tractor-new New Holland Fiat 4010 ,2017,2000,10,,,,10,,,,23,,No,100257,110283
1.51E+12,Tractor-new New Holland Fiat 3510 ,2017,2000,10,,,,10,,,,23,,No,100258,110284
1.51E+12,Tractor-new New Holland Fiat 4010 ,2017,2000,10,,,,10,,,,23,,No,100259,110285
1.51E+12,Tractor-new New Holland Fiat 4010 ,2017,2000,10,,,,10,,,,23,,No,100260,120312
1.51E+12,Tractor-new CNH INDUSTRIAL Tractor 4010 ,2017,2000,10,,,,10,,,,23,,No,100261,110287
1.51E+12,Tractor-new CNH INDUSTRIAL New Holland 3510 ,2017,2000,10,,,,10,,,,23,,No,100262,120314
1.51E+12,Tractor-new CNH INDUSTRIAL Tractor 4010 ,2017,2000,10,,,,10,,,,23,,No,100263,120316
1.51E+12,Tractor-new New Holland Fiat 4010 ,2017,2000,10,16,,,10,,,,23,,No,100264,120317
1.51E+12,Batching Plant Schwing Stetter Asset1,2017,2000,10,,,,10,,,,23,,No,100265,120318
1.51E+12,Soil Compactor Dynapac CA251D,2017,2000,10,,,,10,,,,23,,No,100266,120319
1.51E+12,Bulldozer Komatsu D60,2017,2000,10,,,,10,,,,23,,No,100267,120320
1.51E+12,Tractor-new New Holland Fiat NHI-4010 SC+MS ,2017,2000,10,,,,10,,,,23,,No,100268,120322
1.51E+12,Tractor-new New Holland Fiat 3510 ,2017,2000,10,,,,10,,,,23,,No,100269,120323
1.51E+12,Tractor-new New Holland Fiat 4010 ,2017,2000,10,,,,10,,,,23,,No,100270,120324
1.51E+12,Tractor-new New Holland Fiat 4710 ,2017,2000,10,,,,10,,,,23,,No,100271,120325
1.51E+12,Tractor-new New Holland Fiat 3230 ,2017,2000,10,,,,10,,,,23,,No,100272,120326
1.51E+12,Tractor-new New Holland Fiat 4710 ,2017,2000,10,,,,10,,,,23,,No,100273,120328
1.51E+12,Tractor-new New Holland Fiat 3510 ,2017,2000,10,,,,10,,,,23,,No,100274,120329
1.51E+12,Tractor-new New Holland Fiat 4710 ,2017,2000,10,,,,10,,,,23,,No,100275,120330
1.51E+12,Tractor-new CNH INDUSTRIAL New Holland 3230 42HP ,2017,2000,10,,,,10,,,,23,,No,100276,110304
1.51E+12,Tractor-new New Holland Fiat 4010 ,2017,2000,10,,,,10,,,,23,,No,100277,110305
1.51E+12,Tractor-new New Holland Fiat 3037 ,2017,2000,10,,,,10,,,,23,,No,100278,110306
1.51E+12,Tractor-new New Holland Fiat 3037 ,2017,2000,10,,,,10,,,,23,,No,100279,110307
1.51E+12,Tractor-new New Holland Fiat 4010 ,2017,2000,10,,,,10,,,,23,,No,100280,110308
1.51E+12,Tractor-new New Holland Fiat 3510 ,2017,2000,10,,,,10,,,,23,,No,100281,110309
1.51E+12,Tractor-new New Holland Fiat 4010 ,2017,2000,10,,,,10,,,,23,,No,100282,110310
1.51E+12,Tractor-new New Holland Fiat 4010 ,2017,2000,10,,,,10,,,,23,,No,100283,110311
1.51E+12,Tractor-new New Holland Fiat 3510 ,2017,2000,10,,,,10,,,,23,,No,100284,110312
1.51E+12,Tractor-new CNH INDUSTRIAL Tractor 4010 ,2017,2000,10,,,,10,,,,23,,No,100285,110314
1.51E+12,Tractor-new New Holland Fiat 4010 ,2017,2000,10,,,,10,,,,23,,No,100286,110315
1.51E+12,Tractor-new New Holland Fiat 3510 ,2017,2000,10,,,,10,,,,23,,No,100287,120344
1.51E+12,Tipper Daimler Bharat Benz 2523C ,2017,2000,10,,,,10,,,,23,,No,100288,110317
1.51E+12,Tractor-new CNH INDUSTRIAL New Holland 3230 42HP ,2017,2000,10,,,,10,,,,23,,No,100289,110318
1.51E+12,Bus Eicher 10.75 ,2011,2000,10,,10,10,10,10,10,,23,,No,100290,110319
1.51E+12,Trailer Case New Holland Trailer,2017,2000,10,,,,10,,,,23,,No,100291,110320
9540401529999W,Bus Eicher 10.75 ,2011,2000,10,,10,10,10,10,10,,23,,No,100292,110321
9540401529999j,Bus Eicher 10.75 ,2017,2000,50,60,10,10,10,10,10,,23,,No,100293,110322
MM7016603087,Bus Eicher 10.75 ,2011,2000,,,10,10,10,10,10,,23,,No,100294,110323
1.51E+12,Excavator-test Caterpillar 320CL ,2017,2000,,,,,10,,,,23,,No,100295,110325
1.51E+12,Tipper AMW 2518 TP ,2017,2000,,,,,10,,,,23,,No,100296,110326
1.51E+12,Excavator-test Hyundai R 110-7 ,2017,2000,,,,,10,,,,23,,No,100297,110327
1.51E+12,Backhoe Loader 0101 JCB 3DX ,2017,2000,,,12,12,10,12,12,,23,,No,100298,120358
1.51E+12,Tipper AMW 2518 TP ,2001,15,15,15,,,10,,,,23,,No,100299,110329
1.51E+12,Excavator-test Caterpillar 320CL ,2017,15,,,,,10,,,,23,,No,100300,110330
1042390934,Bus Eicher 10.75 ,2011,15,,,10,10,10,10,10,,23,,No,100301,110331
1.51E+12,Bulldozer Caterpillar D6G,2017,15,,,,,10,,,,23,,No,100302,110332
10423909342,Bus Eicher 10.75 ,2011,15,,,10,10,10,10,10,,23,,No,100303,110333
1.51E+12,Tipper AMW 2518 TP ,2017,15,,,3,45,10,456,546,,23,,No,100304,110334
1.51E+12,Excavator-test Caterpillar 320CL ,2017,15,,,,,10,,,,23,,No,100305,110336
95404015299,Bus Eicher 10.75 ,2014,15,20,30,10,10,10,10,10,,23,,No,100306,110337
1.51E+12,Tipper AMW 2518 TP ,2017,15,,,3,45,10,456,546,,23,,No,100307,110338
1.51E+12,Tipper AMW 2518 TP ,2002,15,,,3,45,10,456,546,,23,,No,100308,110339
1.51E+12,Tipper AMW 2518 TP ,2002,15,,,,,10,,,,23,,No,100309,110340
1.51E+12,Bus Eicher 10.75 ,2017,15,,,10,10,10,10,10,,23,,No,100310,110341
9.54E+12,Bus Eicher 10.75 ,2011,15,,,10,10,10,10,10,,23,,No,100311,110342
1.51E+12,Crusher Terex XA 400,2017,15,,,,,10,,,,23,,No,100312,110343
1.51E+12,Crusher Terex XA 400,2017,15,,,,,10,,,,23,,No,100313,110344
1.51E+12,Tipper AMW 2518 TP ,2017,15,,,,,10,,,,23,,No,100314,110345
1.51E+12,Tipper AMW 2518 TP ,2017,15,,,,,10,,,,23,,No,100315,110347
1.51E+12,Tipper AMW 2518 TP ,2017,15,,,,,10,,,,23,,No,100316,110348
1.51E+12,Tipper AMW 2518 TP ,2017,15,,,,,10,,,,23,,No,100317,110349
1.51E+12,Tipper AMW 2518 TP ,2017,15,,,,,10,,,,23,,No,100318,110350
1.51E+12,Bulldozer Komatsu D60,2017,15,,,,,10,,,,23,,No,100319,110351
1.51E+12,Tipper AMW 2518 TP ,2017,15,,,563,563,10,563,600,,,,No,100320,120384
151073741016M,Bus Eicher 10.75 ,2014,15,30,40,60,70,10,60,60,41922-01-01 12:00 am,20,60,Yes,,56000
9.54E+12,Bus Eicher 10.75 ,2011,15,30,,10,10,10,10,10,,20,,No,,520000
9.54E+12,Bus Eicher 10.75 ,2011,15,30,,10,10,10,10,10,,20,,No,,520000
9.54E+12,Bus Eicher 10.75 ,2011,15,30,,10,10,10,10,10,,20,,No,,520000
1.51E+12,Tipper AMW 2518 TP ,2017,15,30,,,,10,,,,20,,No,,110349
1.51E+12,Cranes Link Belt HC 218,2017,15,30,,,,10,,,,20,,No,,110350
1.51E+12,Piling Rig Mait HR180,2017,15,30,,,,10,,,,20,,No,,110351
1.51E+12,Rock Breaker Dowin DWT200 ,2017,300,10,,,,10,,,,300,,No,,120384
1.51E+12,Truck Daimler 1214R E 4X2 4500 DYC CHS NT GB,2017,300,10,,,,10,,,,300,,No,,110350
1.51E+12,Tipper Ashok Leyland 2518 ,2017,300,10,,150,150,10,150,150,,300,,No,,110351
1.51E+12,Rock Breaker Juno 510 E ,2017,300,10,,,,10,,,,300,,No,,120384
1.51E+12,Tipper Daimler Bharat Benz 2523C ,2017,300,10,,,,10,,,,300,,No,,110350
1.51E+12,Excavator-test Doosan 225 LC-7 ,2017,300,10,,,,10,,,,300,,No,,110351
1.51E+12,Excavator-test JCB JS 210 ,2017,300,10,,,,10,,,,300,,No,,120384
1.51E+12,Tipper Ashok Leyland 2516 ,2017,300,10,,,,10,,,,300,,No,,110350
1.51E+12,Excavator-test JCB JS 200 ,2017,300,10,,,,10,,,,300,,No,,110351
1.51E+12,Bus Eicher 10.75 ,2017,300,10,,34,200,10,12000,632,,300,,No,,120384
1.51E+12,Excavator-test Hyundai R 140 LC-7 ,2017,300,10,,,,10,,,,300,,No,,110350
1.51E+12,Bus Force Tempo Traveller,2017,300,10,,122,122,10,122,122,,300,,No,,110351
1.51E+12,Truck Eicher 10.75 ,2017,300,10,,,,10,,,,300,,No,,120384
1.51E+12,Excavator-test Tata Hitachi EX 350 LCH ,2017,300,10,,,,10,,,,300,,No,,110350
1.51E+12,Bus Eicher 10.75 ,2017,300,10,,34,200,10,12000,32,,300,,No,,110351
1.51E+12,Crusher Terex Maxtrak 1000,2017,300,10,,,,10,,,,300,,No,,120384
1.51E+12,Excavator-test Doosan DX 210 ,2017,300,10,,,,10,,,,,,No,,110350
1.51E+12,Crusher Terex Maxtrak 1000,2017,300,10,,,,10,,,,,,No,,110351
1.51E+12,Soil Compactor Greaves BW212,2017,300,10,,,,10,,,,,,No,,120384
1.51E+12,Truck Ashok Leyland 2516 XL,2017,300,10,,,,10,,,,,,No,,110350
1.51E+12,Crusher Terex Maxtrak 1000,2017,300,10,,,,10,,,,,,No,,110351
1.51E+12,Tandem Roller Ingersoll Rand DD90,2017,300,10,,,,10,,,,,,No,,120384
1.51E+12,Tipper AMW 2518 TP ,2006,50,10,40,,,10,,,,50,,No,,111111
1.51E+12,Tipper AMW 2518 TP ,2004,50,,,,,10,,,,50,,No,,15622222
31073741016M12,Bus Eicher 10.75 ,2014,50,30,40,60,70,10,60,60,41922-01-01 12:00 am,50,60,Yes,,9600000
1.51E+12,Rock Breaker Atlas Copco MB 1500 ,2002,50,30,,,,10,,,,50,,No,,458965745
1.51E+12,Truck Ashok Leyland 2516 XL Test Auction lot,2004,50,30,,,,10,,,,50,,No,,560000
1.51E+12,Bulldozer Caterpillar D6G,2004,50,30,,,,10,,,,50,,No,,9600000
1.51E+12,Tipper AMW 2518 TP ,2017,50,30,,,,10,,,,50,,No,,52222222
9.54E+12,Bus Eicher 10.75 ,2011,50,30,,10,10,10,10,10,,50,,No,,52000000
1.51E+12,Tipper AMW 2518 TP ,2002,400,500,,3,45,10,456,546,,50,,No,,8900000
1.51E+12,Tipper AMW 2518 TP ,2003,400,,,3,45,10,456,546,,50,,No,,9600000
1.51E+12,Tipper AMW 2518 TP ,2017,400,,,,,10,,,,50,,No,,9600000
1.51E+12,Tipper Ashok Leyland 2516 ,2017,400,,,,,10,,,,50,,No,,5600000
JK12345,Bus Eicher 10.75 ,2017,400,,,10,10,10,10,10,,50,,Yes,,400000
1.51E+12,Trailer Eicher MEGA 40.40 ,2002,10,10,10,,,10,,,,50,,No,,15000000
41016M121,Bus Eicher 10.75 ,2017,10,1,1,1,1,10,10,10,10/1/2001 0:00,50,10,No,,90000
41016M121U,Truck Eicher 10.59 ,2010,10,11,11,11,11,10,11,11,43081-01-01 12:00 am,50,11,Yes,,8500000
31016M121U,Bus Eicher 10.75 ,2017,10,1,1,1,1,10,10,10,10/1/2001 0:00,50,10,No,,90000
JK41016M121,Bus Eicher 10.75 ,2017,10,1,1,1,1,10,10,10,10/1/2001 0:00,50,10,No,,999999
1.51E+12,Tipper AMW 2518 TP ,2017,400,400,,,,10,,,,50,,No,,330000
CPJK41016M121,Bus Eicher 10.75 ,2017,400,1,1,1,1,10,10,10,10/1/2001 0:00,50,10,No,,90000
41016M121U13,Truck Eicher 10.59 ,2011,400,11,11,11,11,10,11,11,,50,10,Yes,,46000000
1.51E+12,Bus Eicher 11.12 BS - III ,2003,10,10,10,10,10,10,1010,0,,50,,No,,5600000
1.51E+12,Tandem Roller Dynapac C222,2017,10,,,,,10,,,,50,,No,,12000000
CPJK41016M122,Bus Eicher 10.75 ,2017,10,1,1,1,1,10,10,10,10/1/2001 0:00,50,10,No,,90000
1.51E+12,Batching Plant Schwing Stetter Asset1,2004,10,,,,,10,,,,50,,No,,86000000
CPJK41016M123,Bus Eicher 10.75 ,2017,10,1,1,1,1,10,10,10,10/1/2001 0:00,50,10,No,,90000
41016M121U15,Truck Eicher 10.59 ,2011,10,11,11,11,11,10,11,11,12/12/2017 0:00,50,10,No,,4600000
41016M121U18,Truck Eicher 10.59 ,2011,10,11,11,11,11,10,11,11,12/12/2017 0:00,50,10,No,,4600000
1.51E+12,Tipper AMW 2518 TP ,2004,10,,,,,10,,,,50,,No,,3200000
1.51E+12,Concrete Pump Greaves BP 350D,2017,400,500,,,,10,,,,50,,No,,9600000
41016M121U12,Truck Eicher 10.59 ,2010,400,11,11,11,11,10,11,11,43081-01-01 12:00 am,50,11,Yes,,4600000
1.51E+12,Tipper AMW 2518 TP ,2018,500,500,,,,10,,,,50,,No,,4600000
16M121UWW,Truck Eicher 10.59 ,2012,500,11,11,11,11,10,11,11,12/12/2017 0:00,50,11,Yes,,4600000
1.51E+12,Truck Eicher 10.59 ,2012,11,11,11,11,11,10,11,11,12/12/2017 0:00,50,11,Yes,,4600000
QW_MH_2036_2123,Truck Eicher 10.59 ,2012,11,11,11,11,11,10,11,11,12/12/2017 0:00,50,11,Yes,,4600000
123456llk1212,Truck Eicher 10.59 ,2012,11,11,11,11,11,10,11,11,12/12/2017 0:00,50,11,Yes,,4600000
56565656_QA,Truck Eicher 10.59 ,2012,11,11,11,11,11,10,11,11,12/12/2017 0:00,50,11,Yes,,4600000
145218WQS,Truck Eicher 10.59 ,2011,11,11,11,11,11,10,11,11,12/12/2017 0:00,50,11,Yes,,4600000
41017JK,Truck Eicher 10.59 ,2010,11,11,11,11,11,10,11,11,12/12/2017 0:00,50,11,Yes,,4600000
41017JK12,Truck Eicher 10.59 ,2010,11,11,11,11,11,10,11,11,12/12/2017 0:00,50,11,Yes,,4600000
1254QWER1,Truck Eicher 10.59 ,2010,11,11,11,11,11,10,11,11,12/12/2017 0:00,50,11,Yes,,4600000
Asset23ws1,Excavator-test LiuGong BS865 ,2010,11,11,11,11,11,10,11,11,12/12/2017 0:00,50,11,Yes,,4600000
41017JK12MIT,Truck Eicher 10.59 ,2010,11,11,11,11,11,10,11,11,12/12/2017 0:00,50,11,Yes,,4600000
41017JK12we,Truck Eicher 10.59 ,2010,11,11,11,11,11,10,11,11,12/12/2017 0:00,50,11,Yes,,4600000
10051990,Truck Eicher 10.59 ,2010,11,11,11,11,11,10,11,11,12/12/2017 0:00,50,11,Yes,,4600000
1.51E+12,Trailer Eicher MEGA 40.40 ,2018,11,,,,,10,,,,50,,No,,250000
1.51E+12,Batching Plant Schwing Stetter Asset1,2018,600,60,,,,10,,,,50,,No,,400000
1.51E+12,Crusher Terex Maxtrak 1000,2018,600,60,,,,10,,,,50,,No,,350000
1.51E+12,Soil Compactor JCB VM 115,2018,600,60,,,,10,,,,50,,No,,450000
1.51E+12,Truck Ashok Leyland TS001,2018,600,60,,,,10,,,,50,,No,,500000
1.51E+12,Bus Eicher 10.75 ,2018,600,60,,34,200,10,12000,43,,50,,No,,1250000
1.51E+12,Truck Ashok Leyland 2516 XL,2018,600,60,,,,10,,,,50,,No,,6500410
1.51E+12,Excavator-test Doosan 225 LC-7 ,2018,600,60,,,,10,,,,50,,No,,6500410
1.51E+12,Tipper Kamaz 6520 ,2018,600,60,,,,10,,,,50,,No,,6500410
156232510,Truck Eicher 10.59 ,2010,600,60,11,11,11,10,11,11,12/12/2017 0:00,50,11,Yes,600000,600000
1.51E+12,Bus Eicher 10.75 ,2018,200,60,,34,200,10,12000,43,,50,,No,,230000
41017JK1785485,Truck Eicher 10.75 ,2011,200,60,11,,,10,,,12/12/2017 0:00,50,11,Yes,600000,565654
1.51E+12,Bus Eicher 10.75 ,2013,200,60,,10,10,10,10,10,,50,,No,500000,800000
1.51E+12,Tipper Daimler Bharat Benz 2523C ,2018,200,60,,,,10,,,,50,,No,,800000
1.51E+12,Excavator-test Hyundai R 210-7 ,2018,5000,60,,,,10,,,,50,,No,,800000
1.51E+12,Tractor-new Mahindra SHAKTHIMAN S 40 ,2018,5000,60,,,,10,,,,50,,No,,800000
1.51E+12,Rock Breaker SMM Group SMM 810 HS ,2018,890,60,,,,10,,,,50,,No,,800000
1.51E+12,Cranes Escorts F15,2018,890,60,,,,10,,,,50,,No,,800000
9990001,Bus Swaraj Bus,2010,890,60,,14,14,10,14,14,,50,,No,,100000
9990002,Truck Eicher 11.1 ,2012,890,60,,,,10,,,,50,,No,,766666
9990003,Tipper Tata LPK 1616 ,2000,890,60,,,,10,,,,50,,No,,766666
1.51E+12,Tipper Daimler Bharat Benz 2523C ,2018,200,60,,,,10,,,,50,,No,,766666
1.51E+12,Rock Breaker Hyundai HDB 230-9 ,2018,100,60,,,,10,,,,50,,No,,766666
41017JK17854M,Bus Eicher 10.75 ,2015,100,60,,10,10,10,10,10,,50,,No,1300000,1430000
1.51E+12,Bus Eicher 10.75 ,2001,111,60,111,111,111,10,111,111,12/12/2017 0:00,50,111,Yes,7898890,8293835
41017JK12MM,Truck Eicher 10.59 ,2010,111,60,11,11,11,10,11,11,12/12/2017 0:00,11,11,Yes,5620000,6182000
41017JK12MMU,Truck Eicher 10.59 ,2010,111,60,11,11,11,10,11,11,12/12/2017 0:00,11,11,Yes,5620000,6182000
1.51E+12,Tractor-new CNH INDUSTRIAL New Holland 3510 ,2018,340,60,,,,10,,,,340,,No,,6182000
1.51E+12,Excavator-test Caterpillar 320CL ,2018,250,60,,,,10,,,,250,,No,,6182000
1.51E+12,Excavator-test Hyundai R 140 LC-7 ,2018,340,60,,,,10,,,,250,,No,,6182000
1.51E+12,Bus Force Tempo Traveller,2018,340,60,,122,122,10,122,122,,250,,No,,6182000
1.51E+12,Tractor-new Force Balwan 400 ,2018,3650,60,,,,10,,,,250,,No,,500000
1.51E+12,Bulldozer BEML BD65,2018,22233,60,,100,200,10,400,500,,250,,No,,900000
1.51E+12,Transit Mixer Ashok Leyland 2516,2018,45,60,47,,,10,,,,250,,No,,900000
1.51E+12,Rock Breaker Juno 510 E ,2018,600,60,,,,10,,,,250,,No,,900000
535353,Bus Eicher 10.75 ,2001,,60,111,111,111,10,111,111,12/12/2017 0:00,250,111,Yes,,900000
1.51E+12,Tractor-new Sonalika DI35 ,2018,11,60,1111,,,10,,,,250,,No,21111111,232222
1.51E+12,Crusher Terex Maxtrak 1000,2018,1000,60,1000,,,10,,,,250,,No,900000,990000
1.51E+12,Crusher Terex Maxtrak 1000,2018,200,60,,,,10,,,,250,,No,,7777777
1.51E+12,Rock Breaker GB Industries Co. Ltd. GB 8AF ,2018,,60,,,,10,,,,250,,No,,7777777
1.51E+12,Truck Ashok Leyland 2516 XL,2018,11,60,1111,,,10,,,,250,,No,50000,7777777
1.51E+12,Tipper AMW 2518 TP,2000,78,60,8787,3,45,10,456,546,,250,,No,,890000
1.51E+12,Rock Breaker Daimler Bharat Benz 2523C ,2018,76,60,88,,,10,,,,250,,No,,777777
1.51E+12,Tractor-new Case New Holland 3032 ,2018,66,60,7777,,,10,,,,250,,No,,7777777
1.51E+12,Excavator-test Doosan DX 210 ,2018,66,60,,,,10,,,,250,,No,,1111123
1.51E+12,Tipper AMW 2518 TP ,2018,66,60,,,,10,,,,250,,No,,5600000
1.51E+12,Tipper AMW 2518 TP ,2018,66,60,,,,10,,,,250,,No,,5600000
1.51E+12,Bus Swaraj Bus Black color,2018,11,60,sn54,14,14,10,14,14,1/23/2018 0:00,250,,No,,500000
1.51E+12,Tipper Ashok Leyland 2516 ,2018,120,60,,,,10,,,,250,,No,,500000
1.51E+12,Excavator-test Hyundai R 110-7 ,2018,200,60,,,,10,,,,250,,No,,500000
1.51E+12,Backhoe Loader 0101 Caterpillar 424B ,2018,5000,60,,,,10,,,,250,,No,,500000
1.51E+12,Rock Breaker Fine 23X Plus ,2018,213,60,,,,10,,,,250,,No,,500000
1.51E+12,Bus Force Tempo Traveller,2018,11,60,8778,122,122,10,122,122,,250,,No,,1000000
1.51E+12,Tipper AMW 2518 TP ,2004,400,60,,,,10,,,,250,,No,,100000
1.51E+12,Truck Ashok Leyland 2516 XL Black color,2018,14,60,877,,,10,,,,250,,No,600000,660000
1.51E+12,Truck Ashok Leyland 2516 XL,2018,14,60,,,,10,,,,250,,No,,550000
1.51E+12,Excavator-test Hyundai R 140 LC-7 ,2018,14,60,,,,10,,,,250,,No,,666666
1.51E+12,Bus Eicher 10.75 ,2001,650,60,,34,200,10,12000,578,,250,,No,,300000
1.51E+12,Tipper Ashok Leyland 2516 ,2018,45,60,,,,10,,,,250,,No,,970000
1.51E+12,Tractor-new Eicher 485 ,2018,12,60,,,,10,,,,250,,No,,970000
1.51E+12,Tandem Roller Dynapac C222,1981,12,60,,,,10,,,,250,,No,,970000
1.51E+12,Tipper Ashok Leyland 2516 ,2003,12,60,,,,10,,,,250,,No,,750000
1.51E+12,Tipper MAN 25220 ,2009,12,60,,,,10,,,,250,,No,8000000,650000
1.51E+12,Trailer Case New Holland Trailer,2018,12,60,,,,10,,,,250,,No,,650000
1.51E+12,Excavator-test Hyundai R 110-7 ,2018,12,60,,,,10,,,,250,,No,,650000
1.51E+12,Crusher Terex XA 400,2018,12,60,,,,10,,,,250,,No,,650000
1.51E+12,Bus Eicher 10.9 ,2018,12,60,,,,10,,,,250,,No,,650000
1.51E+12,Bulldozer Caterpillar D6G,2018,12,60,,,,10,,,,250,,No,,650000
1.51E+12,Tipper AMW 2518 TP ,2018,12,60,,3,45,10,456,546,,250,,No,,600000
1.51E+12,Transit Mixer Ashok Leyland ytt,2008,12,60,,,,10,,,,250,,No,,900000
1.51E+12,Excavator-test Hyundai R 110-7 ,2018,12,60,,,,10,,,,250,,No,,900000
1.51E+12,Rock Breaker Atlas Copco MB 1500 ,2018,250,60,se10,10,10,10,10,10,,250,,No,,2300000
1.51E+12,Bulldozer BEML BD65,2002,200,60,,100,200,10,400,500,,250,,No,,999999
1.51E+12,Cranes Escorts Hydra 14,2018,,60,,,,10,,,,250,,No,,200000
1.51E+12,Tipper AMW 2518 TP ,2004,q,60,q,,,10,,,,250,,No,,120000
1.51E+12,Tipper AMW 2518 TP ,2018,500,60,,3,45,10,456,546,,250,,No,,120000
1.51E+12,Tipper AMW 2518 TP ,2018,500,60,,,,10,,,,250,,No,,120000
1.51E+12,Piling Rig Mait HR180,2018,500,60,,,,10,,,,250,,No,,120000
1.51E+12,Tipper AMW 2518 TP ,2018,500,60,,,,10,,,,250,,No,,120000
1.51E+12,Piling Rig Mait HR180,2018,500,60,,,,10,,,,250,,No,,120000
1.51E+12,Truck Ashok Leyland 2516 XL,2018,500,60,,,,10,,,,250,,No,,100000
ZZZ1,Bus Eicher 10.75 ,2000,500,60,,10,10,10,10,10,,250,,No,,100000
11122,Bus Eicher 10.75 ,2000,500,60,,10,10,10,10,10,,250,,No,,100000
12345ABBB,Bus Eicher 10.75 ,2000,500,60,,10,10,10,10,10,,250,,No,,100000
ABBB,Bus Eicher 10.75 ,2000,500,60,,10,10,10,10,10,,250,,No,,100000
ABB1,Bus Eicher 10.75 ,2000,500,60,,10,10,10,10,10,,250,,No,,100000
ABB2,Bus Eicher 10.75 ,2000,500,60,,10,10,10,10,10,,344,,No,,100000
a12345,Bus Eicher 10.75 ,2000,500,,,10,10,10,10,10,,344,,No,,100000
ABB3,Bus Eicher 10.75 ,2000,500,,,10,10,10,10,10,,344,,No,,100000
Z0010,Bus Eicher 10.75 ,2009,500,,,10,10,10,10,10,,344,,No,,100000
115659,Bus Eicher Vehicle Body ,2009,500,50,Mac123,,,10,,,4/3/2017 5:30,344,500,Yes,,8000
10051994,Truck Eicher 10.59 ,2010,500,11,11,11,11,10,11,11,12/12/2017 0:00,344,11,Yes,,4600000
A0012,Bus Eicher 10.75 ,2000,500,11,,10,10,10,10,10,,344,,No,,4600000
A0013,Bus Eicher 10.75 ,2000,500,11,,10,10,10,10,10,,344,,No,,4600000
346551,Backhoe Loader 0101 JCB 3DX ,2015,500,11,ser 123,12,12,10,12,12,,344,,No,,4600000
2030000010,Bus Eicher 10.75 ,2015,500,11,,10,10,10,10,10,,344,,No,,500000
1.51E+12,Truck Ashok Leyland 2516 XL,2002,500,11,,,,10,,,,344,,No,,1200000
1.51E+12,Bulldozer Caterpillar D6G,2018,500,11,,,,10,,,,344,,No,,4600000
1.51E+12,Tipper Greaves LPK 2516 TC ,2018,500,11,,,,10,,,,344,,No,,4600000
1.51E+12,Transit Mixer Ashok Leyland 2516,2018,500,11,,,,10,,,,344,,No,,4600000
1.51E+12,Excavator-test Hyundai R 140 LC-7 ,2018,500,11,,,,10,,,,344,,No,,4600000
1.51E+12,Tipper Ashok Leyland 2518 ,2018,12,11,12,150,150,10,150,150,,344,,No,,4600000
1.51E+12,Excavator-test Caterpillar 320CL ,2007,12,11,14,12,13,10,15,16,,344,,No,,2500000
1.51E+12,Tipper AMW 2518 TP ,2018,10,11,12,3,45,10,456,546,,344,,No,,20000
1.51E+12,Truck Eicher 11.14 ,2018,100,11,,,,10,,,,344,,No,,20000
1.51E+12,Tipper Ashok Leyland 2516 ,2018,,11,,,,10,,,,344,,No,,20000
1.51E+12,Tipper Mercedes Benz 4841K ,2018,,11,,,,10,,,,344,,No,,20000
1.51E+12,Tipper Ashok Leyland 2516 ,2018,200,11,,,,10,,,,344,,No,,20000
1.51E+12,Soil Compactor Case New Holland 1107,2018,200,11,,,,10,,,,344,,No,,2000
1.51E+12,Tipper AMW 2518 TP ,2018,200,11,Machine Serial No.,3,45,10,456,546,,344,,No,,5000
1.51E+12,Tipper AMW 2518 TP ,2018,200,11,,3,45,10,456,546,,344,,No,,200000
1.51E+12,Transit Mixer Ashok Leyland 2516,2018,200,11,,,,10,,,,344,,No,,20000
1.51E+12,Excavator-test Doosan 225 LC-7 ,2001,10,11,s1,,,10,,,,344,,No,,500000
1.51E+12,Tipper Ashok Leyland 2518 ,2018,10,11,,150,150,10,150,150,,344,,No,,20000
1.51E+12,Tipper Ashok Leyland 2516 ,2018,10,11,,,,10,,,,344,,No,,500000
1.51E+12,Soil Compactor Case New Holland 1107,2018,10,11,,,,10,,,,344,,No,,500000
1.51E+12,Excavator-test Caterpillar 320CL ,2018,10,11,,,,10,,,,344,,No,,20000
1.51E+12,Tipper Eicher Terra - 25 ,2018,10,11,,,,10,,,,344,,No,,800000
1.51E+12,Backhoe Loader 0101 Case New Holland Case 770 2020 ,2018,10,11,,,,10,,,,344,,No,,900000
1.51E+12,Bus Eicher 10.75 ,2018,10,11,,34,200,10,12000,578,,344,,No,,20000
1.51E+12,Crusher Terex Maxtrak 1000,2018,10,11,,,,10,,,,344,,No,,20000
1.51E+12,Tipper AMW 2518 TP ,2018,10,11,,3,45,10,456,546,,344,,No,,800000
1.51E+12,Tipper AMW 2518 TP ,2018,10,11,,3,45,10,456,546,,344,,No,,20000
1.51E+12,Tipper AMW 2518 TP ,2018,10,11,,3,45,10,456,546,,344,,No,,20000
1.51E+12,Bus Eicher 10.9 ,2018,10,11,,,,10,,,,344,,No,,20000
1.51E+12,Bus Eicher 10.9 ,2001,10,11,30,100,200,10,400,500,4/3/2018 0:00,344,20,Yes,,500000
1.51E+12,Tipper Ashok Leyland 2516 ,2018,,11,,,,10,,,,233,,No,,20000
1.51E+12,Excavator-test Caterpillar 320CL ,2018,,11,,,,10,,,,233,,No,,20000
1.51E+12,Bus Eicher 10.75 ,2018,20,11,50,60,70,10,60,60,41922-01-01 12:00 am,233,60,Yes,,895000
1.51E+12,Tipper Daimler Bharat Benz 2523C ,2018,20,11,,,,10,,,,233,,No,,600000
1.51E+12,Tipper AMW 2518 TP ,2018,20,11,,3,45,10,456,546,,233,,No,,600000
1.51E+12,Tipper AMW 2518 TP ,2018,20,11,,3,45,10,456,546,,233,,No,,600000
1.51E+12,Tipper AMW 2518 TP ,2018,20,11,,3,45,10,456,546,,233,,No,,200000
1.51E+12,Truck Eicher 10.75 ,2018,20,11,,,,10,,,,233,,No,,300000
1.51E+12,Truck Ashok Leyland 2516 XL,2018,20,11,,,,10,,,,233,,No,,1000000
1.51E+12,Cranes Escorts F15,2018,20,11,,,,10,,,,233,,No,,600000
1.51E+12,Tipper AMW 2518 TP ,2018,20,11,,3,45,10,456,546,,233,,No,,500000
1.51E+12,Tipper AMW 2518 TP ,2018,20,11,,3,45,10,456,546,,233,,No,,600000
1.51E+12,Tipper Ashok Leyland 2516 ,2018,20,11,,,,10,,,,233,,No,,600000
1.51E+12,Tipper AMW 2518 TP ,2018,20,11,,3,45,10,456,546,,233,,No,,600000
Asset_13WSX,Bus Eicher 10.75 ,2018,20,11,50,60,70,10,60,60,41922-01-01 12:00 am,233,60,Yes,,600000
Asset_12WSX,Bus Eicher 10.75 ,2018,20,11,50,60,70,10,60,60,41922-01-01 12:00 am,233,60,Yes,,8950000
15895EEE,Bus Eicher 10.75 ,2018,20,11,50,60,70,10,60,60,41922-01-01 12:00 am,233,60,Yes,,8950000
1.51E+12,Backhoe Loader 0101 Ashok Leyland BHL435 ,2002,10,11,mac,,,10,,,,233,,No,,200000
1.51E+12,Tipper AMW 2518 TP ,2006,10,12,11,3,45,10,456,546,,233,,No,,600000
1.51E+12,Tipper AMW 2518 TP ,2006,,,,3,45,10,456,546,,233,,No,,100000
1.51E+12,Trailer Case New Holland Trailer,2018,,,,,,10,,,,233,,No,,600000
1.51E+12,Tipper AMW 2518 TP ,2018,,,,3,45,10,456,546,,233,,No,,200000
1.51E+12,Excavator-test Doosan 225 LC-7 ,2018,,,,,,10,,,,233,,No,,600000
1.51E+12,Tipper AMW 2518 TP ,2018,,,,3,45,10,456,546,,233,,No,,600000
1.51E+12,Tipper Ashok Leyland 2516 ,2018,,,,,,10,,,,233,,No,,600000
1.51E+12,Tipper AMW 2518 TP ,2018,,,,3,45,10,456,546,,233,,No,,600000
1.51E+12,Tipper AMW 2518 TP ,2018,100,20,,3,45,10,456,546,,233,,No,,600000
1.51E+12,Concrete Pump Greaves BP 350D,2018,,20,,,,10,,,,233,,No,,600000
1.51E+12,Trailer Case New Holland Trailer 1,2003,11,20,1,,,10,,,,233,,No,,600000
1236541,Bus Eicher 10.75 ,2018,,20,50,60,70,10,60,60,41922-01-01 12:00 am,233,60,Yes,,8950000
1236542,Bus Eicher Vehicle Body ,2002,,20,501,,,10,,,41922-01-01 12:00 am,233,60,Yes,,8950001
1.51E+12,Excavator-test Caterpillar 320CL ,2011,,20,,,,10,,,,233,,No,,200000
1236581,Bus Eicher 10.75 ,2001,,20,50,60,70,10,60,60,41922-01-01 12:00 am,233,60,Yes,,500000
1236582,Bus Eicher 10.75 ,2002,,20,50,60,70,10,60,60,41922-01-01 12:00 am,233,60,Yes,,600000
1.51E+12,Tipper AMW 2518 TP ,2018,200,20,,3,45,10,456,546,,233,,No,,600000
1.51E+12,Truck Ashok Leyland 2516 XL v,2003,o,20,m,,,10,,,,233,,No,,200000
1296581,Bus Eicher 10.75 ,2001,,20,50,60,70,10,60,60,41922-01-01 12:00 am,233,60,Yes,,500000
1296582,Bus Eicher 10.75 ,2002,,20,50,60,70,10,60,60,41922-01-01 12:00 am,233,60,Yes,,600000
1.51E+12,Tipper AMW 2518 TP ,2001,,20,,3,45,10,456,546,,233,,No,,600000
1.51E+12,Excavator-test Caterpillar 320CL ,2018,66,20,,,,10,,,,233,,No,,600000
1.51E+12,Piling Rig Mait HR180,2018,,20,,,,10,,,,233,,No,,600000
1.51E+12,Trailer Eicher MEGA 40.40 ,2018,,20,,,,10,,,,233,,No,,600000
1.51E+12,Cranes Escorts Hydra 10,2018,10,20,,,,10,,,,233,,No,,600000
1.51E+12,Tipper Ashok Leyland 2516 ,2018,10,20,,,,10,,,,233,,No,,600000
1.51E+12,Tipper AMW 2518 TP ,2018,10,20,,3,45,10,456,546,,233,,No,,600000
1.51E+12,Tipper AMW 2518 TP ,2018,10,20,,3,45,10,456,546,,233,,No,,600000
1.51E+12,Excavator-test Caterpillar 320CL ,2018,10,20,,,,10,,,,233,,No,,100000
1.51E+12,Excavator-test Doosan DX 210 ,2018,10,20,,,,10,,,,233,,No,,100000
1.51E+12,Excavator-test Caterpillar 320CL ,2018,10,20,,,,10,,,,233,,No,,100000
1.51E+12,Tipper Eicher Terra - 25 ,2001,10,20,,10,20,10,40,50,1/2/2017 0:00,233,20,Yes,800000,500000
1.51E+12,Tipper MAN 25220 ,2002,12,20,,12,121,10,123,124,5/1/2018 0:00,233,11,No,,100000
1.51E+12,Excavator-test Caterpillar 320CL ,2002,,20,30,,,10,,,,233,,No,,500000
1.51E+12,Bus Eicher 10.75 ,2001,12,20,14,34,200,10,12000,32,,233,,No,,600000
1295581,Bus Eicher 10.75 ,2001,,20,50,60,70,10,60,60,41922-01-01 12:00 am,233,60,Yes,,500000
1.51E+12,Tandem Roller Dynapac C222,2018,15,20,35,,,10,,,,233,,No,,111093
1.51E+12,Rock Breaker Hyundai HDB 230-9,2018,20,20,,,,10,,,,233,,No,,100000
1.51E+12,Bulldozer Caterpillar D6G,2018,20,20,,,,10,,,,233,,No,,100000
1.51E+12,Excavator-test Caterpillar 320CL ,2018,,20,,,,10,,,,233,,No,,100000
1.51E+12,Backhoe Loader 0101 Case New Holland Case 770 2020 ,2018,,20,,,,10,,,,233,,No,,100000
1.51E+12,Excavator-test Caterpillar 320CL ,2018,21,20,,,,10,,,,233,,No,,300000
1.51E+12,Tandem Roller Dynapac C222,2018,5,20,,,,10,,,,233,,No,,600000
1.51E+12,Bus Force Tempo Traveller,2018,11,20,,122,122,10,122,122,,233,,No,,600000
1.51E+12,Bus Force Tempo Traveller,2018,,20,,122,122,10,122,122,,233,,No,,190000
1.51E+12,Bulldozer BEML BD65 Var,2003,10,20,30,100,200,10,400,500,,233,,No,,400000
1215581,Bus Eicher 10.75 ,2001,,20,50,60,70,10,60,60,41922-01-01 12:00 am,233,60,Yes,,500000
1.51E+12,Transit Mixer Ashok Leyland 2516,2018,15,20,,,,10,,,,233,,No,,500000
1.51E+12,Transit Mixer Ashok Leyland 2516,2018,15,20,,,,10,,,,233,,No,,500000
1.51E+12,Truck Eicher 10.75 ,2018,15,20,,21,234,10,5200,1111,,233,,No,,859555
1.51E+12,Tipper AMW 2518 TP ,2018,15,20,,563,563,10,563,600,,233,,No,,600000
1.51E+12,Excavator-test Doosan 225 LC-7 ,2018,15,20,,,,10,,,,233,,No,,5621000
1.51E+12,Excavator-test Doosan DX 210 ,2018,15,20,,,,10,,,,233,,No,,5621000
1.51E+12,Soil Compactor Case New Holland 1107 var,2008,10,20,30,10,20,10,40,50,,233,,No,,600000
1.51E+12,Transit Mixer Ashok Leyland 2516,2002,230,20,,,,10,,,,233,,No,,990099
1.51E+12,Tipper Ashok Leyland 2518 ,2018,230,20,,150,150,10,150,150,,233,,No,,990099
1.51E+12,Concrete Pump Greaves BP 350D,2018,230,20,,,,10,,,,233,,No,,990099
1.51E+12,Excavator-test Caterpillar 320CL ,2018,230,20,,,,10,,,,233,,No,,990099
1.51E+12,Tipper Ashok Leyland 2516 ,2018,230,20,,,,10,,,,233,,No,,600000
1215582,Bus Force Tempo Traveller Test asset Bulk Upload111,2002,230,20,7042020,122,122,10,122,122,41922-01-01 12:00 am,233,60,Yes,,600000
65851677,Bus Eicher 10.75 ,2010,230,20,103,120,251,10,52,,,233,,No,,800000
65851676,Bus Eicher 10.75 ,2010,230,20,103,120,251,10,52,,,233,,No,,800000
1.51E+12,Wheel Loader Caterpillar HM 2021 w,2017,300,20,1,,,10,,,,233,,No,,200000
1.51E+12,Tipper AMW 2518 TP ,2018,300,20,,563,563,10,563,600,,233,,No,,200000
62851676,Bus Eicher 10.75 ,2010,300,20,103,120,251,10,52,,,233,,No,,800000
62851677,Bus Eicher 10.75 ,2010,300,20,1.03E+11,120,251,10,52,,,233,,No,,800000
62851678,Bus Eicher 10.75 ,2010,300,20,103,120,251,10,52,,,233,,No,,800000
62851177,Bus Eicher 10.75 ,2010,300,20,103,120,251,10,52,,,233,,No,,800000
62851176,Bus Eicher 10.75 ,2010,300,20,103,120,251,10,52,,,233,,No,,800000
62851178,Bus Eicher 10.75 ,2010,300,20,103,120,251,10,52,,,233,,No,,800000
62851179,Bus Eicher 10.75 ,2010,300,20,103,120,251,10,52,,,233,,No,,800000
62851180,Bus Eicher 10.75 ,2010,300,20,103,120,251,10,52,,,233,,No,,800000
62851181,Bus Eicher 10.75 ,2010,300,20,103,120,251,10,52,,,233,,No,,800000
62851183,Bus Eicher 10.75 ,2010,300,20,103,120,251,10,52,,,233,,No,,800000
62851182,Bus Eicher 10.75 ,2010,300,20,103,120,251,10,52,,,233,,No,,800000
462851181,Bus Eicher 10.75 ,2010,300,20,103,120,251,10,52,,,233,,No,,800000
462851182,Bus Eicher 10.75 ,2010,300,20,103,120,251,10,52,,,233,,No,,800001
462851183,Bus Eicher 10.75 ,2010,300,20,103,120,251,10,52,,,233,,No,,800002
1.51E+12,Tipper Ashok Leyland 2516 ,2018,300,20,,,,10,,,,233,,No,,300000
462821181,Bus Eicher 10.75 ,2010,300,20,103,120,251,10,52,,,233,,No,,800000
462821182,Bus Eicher 10.75 ,2010,300,20,103,120,251,10,52,,,233,,No,,800001
462821183,Bus Eicher 10.75 ,2010,300,20,103,120,251,10,52,,,233,,No,,800002
1.51E+12,Truck Ashok Leyland 2516 XL,2018,300,20,,,,10,,,,233,,No,,800002
1.51E+12,Tipper AMW 2518 TP ,2018,300,20,,563,563,10,563,600,,233,,No,,600000
1.51E+12,Cranes Escorts F15,2018,300,20,,,,10,,,,233,,No,,600000
1.51E+12,other other other,2018,300,20,,,,10,,,,233,,No,,200000
1.51E+12,Tipper AMW 2518 TP ,2018,300,20,,563,563,10,563,600,,233,,No,,800000
1.51E+12,Tipper Ashok Leyland 2516 ,2018,300,20,,,,10,,,,233,,No,,800000
1.51E+12,Bulldozer BEML BD65,2018,300,20,,100,200,10,400,500,,233,,No,,800000
1.51E+12,Concrete Pump Greaves BP 350D,2018,300,20,,,,10,,,,233,,No,,800000
1.51E+12,Tipper AMW 2518 TP ,2018,300,20,,563,563,10,563,600,,233,,No,,800000
1.51E+12,Tipper AMW 2518 TP ,2018,300,20,,563,563,10,563,600,,233,,No,,800000
1.51E+12,Tipper AMW 2518 TP ,2018,300,20,,563,563,10,563,600,,233,,No,,800000
1.51E+12,Tipper AMW 2518 TP ,2018,300,20,,563,563,10,563,600,,233,,No,,800000
1.51E+12,Transit Mixer Ashok Leyland 2516,2018,300,20,,,,10,,,,233,,No,,800000
4462821181,Bus Eicher 10.75 ,2010,300,20,103,120,251,10,52,,,233,,No,,800000
4462821183,Bus Eicher 10.75 ,2010,300,20,103,120,251,10,52,,,233,,No,,800002
Aset_45623,Bus Eicher 10.75 ,2010,300,20,103,120,251,10,52,,,233,,No,,800000
Aset_45624,Bus Eicher 10.75 ,2010,300,20,103,120,251,10,52,,,233,,No,,800001
Aset_45625,Bus Eicher 10.75 ,2010,300,20,103,120,251,10,52,,,233,,No,,800002
Test_Bulk_123,Bus Eicher 10.75 ,2010,300,20,103,120,251,10,52,,,233,,No,,800000
Test_Bulk_124,Bus Eicher 10.75 ,2010,300,20,103,120,251,10,52,,,233,,No,,800001
Test_Bulk_125,Bus Eicher 10.75 ,2010,300,20,10334535,120,251,10,52,,,233,,No,,800002
Test_Bulk_1231,Bus Eicher 10.75 ,2010,300,20,103,120,251,10,52,,,233,,No,,800000
Test_Bulk_1232,Bus Eicher 10.75 ,2010,300,20,103,120,251,10,52,,,233,,No,,800001
Test_Bulk_1233,Bus Eicher 10.75 ,2010,300,20,103,120,251,10,52,,,233,,No,,800002
JK_Test_03,Truck Eicher 10.59 ,2012,300,20,,,,10,,,,233,,No,,112235
JK_Test_02,Truck Eicher 10.59 ,2011,300,20,,,,10,,,,233,,No,,112234
JK_Test_01,Truck Eicher 10.59 ,2010,300,20,11,11,11,10,11,11,12/12/2017 0:00,233,11,Yes,,112233
4462821182,Bus Eicher 10.75 ,2010,300,20,103,120,251,10,52,,,233,,No,,800001
Test_Bulk_1,Bus Eicher 10.75 ,2010,300,20,103,120,251,10,52,,,233,,No,,800000
Test_Bulk_2,Bus Eicher 10.75 ,2010,300,20,103,120,251,10,52,,,233,,No,,800001
Test_Bulk_3,Bus Eicher 10.75 ,2010,300,20,103,120,251,10,52,,,233,,No,,800002
Test_Bulk_12,Bus Eicher 10.75 ,2010,300,20,103,120,251,10,52,,,233,,No,,800000
Test_Bulk_13,Bus Eicher 10.75 ,2010,300,20,103,120,251,10,52,,,233,,No,,800001
Test_Bulk_14,Bus Eicher 10.75 ,2010,300,20,103,120,251,10,52,,,233,,No,,800002
Test_Bulk_112,Bus Eicher 10.75 ,2010,300,20,103,120,251,10,52,,,233,,No,,850000
Test_Bulk_113,Bus Eicher 10.75 ,2010,300,20,103,120,251,10,52,,,233,,No,,850001
Test_Bulk_114,Bus Eicher 10.75 ,2010,300,20,103,120,251,10,52,,,233,,No,,850002
Test_Bulk_115,Bus Eicher 10.75 ,2010,300,20,103,120,251,10,52,,,233,,No,,850003
Test_Bulk_116,Bus Eicher 10.75 ,2010,300,20,103,120,251,10,52,,,233,,No,,850004
Test_Bulk_117,Bus Eicher 10.75 ,2010,300,20,103,120,251,10,52,,,233,,No,,850005
Test_Bulk_1121,Bus Eicher 10.75 ,2010,300,20,103,120,251,10,52,,,233,,No,,850000
Test_Bulk_1122,Bus Eicher 10.75 ,2010,300,20,103,120,251,10,52,,,233,,No,,850001
Test_Bulk_1123,Bus Eicher 10.75 ,2010,300,20,103,120,251,10,52,,,233,,No,,850002
Test_Bulk_1124,Bus Eicher 10.75 ,2010,300,20,103,120,251,10,52,,,233,,No,,850003
Test_Bulk_1125,Bus Eicher 10.75 ,2010,300,20,103,120,251,10,52,,,233,,No,,850004
Test_Bulk_1126,Bus Eicher 10.75 ,2010,300,20,103,120,251,10,52,,,233,,No,,850005
Test_Bulk_11213,Bus Eicher 10.75 ,2010,300,20,103,120,251,10,52,,,233,,No,,850000
Test_Bulk_11214,Bus Eicher 10.75 ,2010,300,20,103,120,251,10,52,,,233,,No,,850001
Test_Bulk_11215,Bus Eicher 10.75 ,2010,300,20,103,120,251,10,52,,,233,,No,,850002
Test_Bulk_11216,Bus Eicher 10.75 ,2010,300,20,103,120,251,10,52,,,233,,No,,850003
Test_Bulk_11217,Excavator brand123 Lorry Truck test2,2010,300,20,10343546,,,10,,,,233,,No,,850004
Test_Bulk_11218,Rock Breaker Dowin DWT200 test3,2010,300,20,46546,,,10,,,,233,,No,,850005
Test_Bulk_112131,Bus Eicher 10.75 ,2010,300,20,,120,251,10,52,,,233,,No,,850000
Test_Bulk_112132,Bus Eicher 10.75 ,2010,300,20,103,120,251,10,52,,,233,,No,,850001
Test_Bulk_112133,Backhoe Loader JCB Other test3,2010,300,20,1033455,,,10,,,,233,,No,,850002
Test_Bulk_112134,Bus Eicher 10.75 ,2010,300,20,103,120,251,10,52,,,233,,No,,850003
Test_Bulk_112135,Bus Eicher 10.75 ,2010,300,20,103,120,251,10,52,,,233,,No,,850004
Test_Bulk_112136,Bus Eicher 10.75 ,2010,300,20,103,120,251,10,52,,,233,,No,,850005
Bulk_123,Bus Eicher 10.75 ,2010,300,20,103,120,251,10,52,,,233,,No,,850000
Bulk_124,Bus Eicher 10.75 ,2010,300,20,103,120,251,10,52,,,233,,No,,850001
Bulk_125,Bus Eicher 10.75 ,2010,300,20,103,120,251,10,52,,,233,,No,,850002
Bulk_124,Bus Eicher 10.75 ,2010,300,20,103,120,251,10,52,,,233,,No,,850001
Bulk_126,Bus Eicher 10.75 ,2010,300,20,103,120,251,10,52,,,233,,No,,850003
Bulk_127,Bus Eicher 10.75 ,2010,300,20,103,120,251,10,52,,,233,,No,,850004
Bulk_128,Bus Eicher 10.75 ,2010,300,20,103,120,251,10,52,,,233,,No,,850005
1Bulk_123,Bus Eicher 10.75 ,2010,300,20,103,120,251,10,52,,,233,,No,,850000
1Bulk_124,Bus Eicher 10.75 ,2010,300,20,103,120,251,10,52,,,233,,No,,850001
1Bulk_125,Bus Eicher 10.75 ,2010,300,20,103,120,251,10,52,,,233,,No,,850002
1Bulk_126,Tandem Roller Greaves BW 151 test1,2010,300,20,1030987,,,10,,,,233,,No,,850003
1Bulk_127,Bus Eicher 10.75 ,2010,300,20,103,120,251,10,52,,,233,,No,,850004
1Bulk_128,Bus Eicher 10.75 ,2010,300,20,103,120,251,10,52,,,233,,No,,850005
1Bulk_1231,Bus Eicher 10.75 ,2010,300,20,103,120,251,10,52,,,233,,No,,850000
11Bulk_1231,Bus Eicher 10.75 ,2010,300,20,103,120,251,10,52,,,233,,No,,850000
1.51E+12,Tipper AMW 2518 TP ,2018,300,20,,563,563,10,563,600,,233,,No,,850000
111Bulk_1231,Bus Eicher 10.75 ,2010,300,20,103,120,251,10,52,,,233,,No,,850000
111Bulk_1232,Bus Eicher 10.75 ,2010,300,20,103,120,251,10,52,,,233,,No,,850001
111Bulk_1233,Bus Eicher 10.75 ,2010,300,20,103,120,251,10,52,,,233,,No,,850002
111Bulk_1234,Bus Eicher 10.75 ,2010,300,20,103,120,251,10,52,,,233,,No,,850003
111Bulk_1235,Bus Eicher 10.75 ,2010,300,20,103,120,251,10,52,,,233,,No,,850004
111Bulk_1236,Bus Eicher 10.75 ,2010,300,20,103,120,251,10,52,,,233,,No,,850005
11Bulk_1234,Rock Breaker Dowin DWT200 test1,2010,300,20,45345,,,10,,,,233,,No,,850003
1Bulk_1232,Bus Eicher 10.75 ,2010,300,20,103,120,251,10,52,,,233,,No,,850001
1Bulk_1233,Transit Mixer Ashok Leyland othere test3,2010,300,20,103909,,,10,,,,233,,No,,850002
1Bulk_1234,Bus Eicher 10.75 ,2010,300,20,103,120,251,10,52,,,233,,No,,850003
1Bulk_1235,Bus Eicher 10.75 ,2010,300,20,103,120,251,10,52,,,233,,No,,850004
1Bulk_1236,Bus Eicher 10.75 ,2010,300,20,103,120,251,10,52,,,233,,No,,850005
JK_Test_13,Truck Eicher 10.59 ,2014,300,20,,,,10,,,,233,,No,,112237
JK_Test_12,Truck Eicher 10.59 ,2014,300,20,,,,10,,,,233,,No,,112237
JK_Test_11,Backhoe Loader Leyland Deere aa1,2013,300,20,,,,10,,,,233,,No,,112236
2111Bulk_1231,Bus Eicher 10.75 ,2010,300,20,103,120,251,10,52,,,233,,No,,850000
2111Bulk_1232,Bus Eicher 10.75 ,2010,300,20,103,120,251,10,52,,,233,,No,,850000
2111Bulk_1233,Bus Eicher 10.75 ,2010,300,20,103,120,251,10,52,,,233,,No,,850000
2111Bulk_1234,Bus Eicher 10.75 ,2010,300,20,1.03E+13,120,251,10,52,,,233,,No,,850000
1.51E+12,Tipper AMW 2518 TP ,2018,300,20,,563,563,10,563,600,,233,,No,,300000
1.51E+12,Tipper AMW 2518 TP ,2018,300,20,,563,563,10,563,600,,233,,No,,200000
1.51E+12,Tipper AMW 2518 TP ,2018,300,20,,563,563,10,563,600,,233,,No,,200000
1.51E+12,Tandem Roller Ingersoll Rand DD90 V345465,2018,300,20,,,,10,,,,233,,No,,100000
1.51E+12,Batching Plant Schwing Stetter Asset1 var,2018,120,20,,,,10,,,,233,,No,,300000
1.51E+12,Backhoe Loader JCB othere,2010,120,20,35434543,,,10,,,,233,,No,,600000
1.51E+12,Tipper AMW 2518 TP ,2018,120,20,,563,563,10,563,600,,233,,No,,30000
1.51E+12,Tipper AMW 2518 TP ,2018,120,20,,563,563,10,563,600,,233,,No,,1000000
1.51E+12,Bus Eicher 10.75 ,2018,120,20,,21,234,10,5200,3200,,233,,No,,200000
1.51E+12,Excavator brand123 Excav ,2018,120,20,,,,10,,,,233,,No,,100000
1.51E+12,Batching Plant Schwing Stetter Asset1,2018,120,20,,,,10,,,,233,,No,,1200000
1.51E+12,Wheel Loader Bobcat S590,2018,120,20,,,,10,,,,233,,No,,200000
1.51E+12,Tipper AMW 2518 TP ,2018,120,20,,563,563,10,563,600,,233,,No,,100000
1.51E+12,Tipper AMW 2518 TP ,2018,120,20,,563,563,10,563,600,,233,,No,,100000
1.51E+12,Trailer Eicher MEGA 40.40 ,2018,120,20,,,,10,,,,233,,No,,101006
1.51E+12,Soil Compactor Case New Holland 1107,2018,120,20,,,,10,,,,233,,No,,100000
1.51E+12,Tipper AMW 2518 TP ,2018,120,20,,563,563,10,563,600,,233,,No,,100000
1.51E+12,Wheel Loader Bobcat S590,2018,120,20,,,,10,,,,233,,No,,100000
1.51E+12,Tipper AMW 2518 TP ,2018,120,20,,563,563,10,563,600,,233,,No,,100000
1.51E+12,Tipper AMW 2518 TP ,2018,120,20,,563,563,10,563,600,,233,,No,,200000
1.51E+12,Tipper AMW 2518 TP ,2018,120,20,,563,563,10,563,600,,233,,No,,200000
1.51E+12,Tipper Ashok Leyland 2516 ,2018,35,20,,,,10,,,,233,,No,,200000
1.51E+12,Tipper AMW 2518 TP ,2005,12,20,ser,563,563,10,563,600,,233,,No,,200000
1.51E+12,Tipper Ashok Leyland 2516 ,2018,23,20,,,,10,,,,233,,No,,300000
1.51E+12,Excavator-test Doosan 225 LC-7 ,2018,12,20,,,,10,,,,233,,No,,900000
1.51E+12,Excavator-test Kobelco SK210LC-8 ,2018,12,20,,,,10,,,,233,,No,,200000
1.51E+12,Excavator-test Kobelco SK210LC-8 ,2018,12,20,,,,10,,,,233,,No,,600000
1.51E+12,Tipper Daimler Bharat Benz 2523C ,2018,12,20,,,,10,,,,233,,No,,300000
1.51E+12,Tipper AMW 2518 TP ,2018,12,20,,563,563,10,563,600,,233,,No,,500000
1.51E+12,Cranes Escorts Hydra 10,2018,12,20,,,,10,,,,233,,No,,200000
1.51E+12,Tipper AMW 2518 TP ,2018,12,20,,563,563,10,563,600,,322,,No,,500000
1.51E+12,Excavator-test Caterpillar 320CL ,2018,12,20,,,,10,,,,322,,No,,600000
1.51E+12,Tipper AMW 2518 TP ,2018,12,20,,563,563,10,563,600,,322,,No,,200000
1.51E+12,Tipper AMW 2518 TP ,2018,20,20,,563,563,10,563,600,,322,,No,,400000
1.51E+12,Tipper Ashok Leyland 2516 ,2018,,20,,,,10,,,,322,,No,,300000
1.51E+12,Excavator-test Tata Hitachi EX 70 ,2011,,20,,,,10,,,,322,,No,,300000
1.51E+12,Tractor-new Case New Holland 5500 ,2018,,20,,,,10,,,,322,,No,,200000
1.51E+12,Soil Compactor Case New Holland 1107,2018,777,20,,,,10,,,,322,,No,,300000
1.51E+12,Bus Eicher 10.75 ,2018,777,20,,21,234,10,5200,3200,,322,,No,,300000
1.51E+12,Crusher Terex Maxtrak 1000,2018,777,20,,,,10,,,,322,,No,,300000
1.51E+12,Bus Eicher 10.75 ,2018,777,20,,21,234,10,5200,3200,,322,,No,,200000
1.51E+12,Tipper Ashok Leyland 2516 ,2018,777,20,,,,10,,,,322,,No,,300000
1.51E+12,Concrete Pump Greaves BP 350D,2018,777,20,,,,10,,,,322,,No,,600000
1.51E+12,Batching Plant Schwing Stetter Asset1,2018,777,20,,,,10,,,,322,,No,,200000
1.51E+12,Tipper Ashok Leyland 2516 ,2018,10,20,12,,,10,,,,322,,No,,200000
1.51E+12,Wheel Loader Caterpillar HM 2021,2018,,20,,,,10,,,,322,,No,,600000
1.51E+12,Wheel Loader Bobcat S590,2018,,20,,,,10,,,,322,,No,,1900000
1.51E+12,Concrete Pump Greaves BP 350D,2018,10,20,12121211,,,10,,,,322,,No,,600000
1.51E+12,Cranes Escorts Hydra 10,2018,,20,,,,10,,,,322,,No,,900000
1.51E+12,Tipper AMW 2518 TP ,2018,,20,,563,563,10,563,600,,322,,No,,600000
1.51E+12,Tipper Ashok Leyland 2516 ,2018,,20,,,,10,,,,322,,No,,700000
1.51E+12,Batching Plant Schwing Stetter Asset1,2018,,20,,,,10,,,,322,,No,,600000
1.51E+12,Rock Breaker Atlas Copco MB 1500,2018,,20,,,,10,,,,322,,No,,800000
1.51E+12,Tipper AMW 2518 TP ,2018,10,20,30,563,563,10,563,600,,322,,No,,700000
1.51E+12,Tipper AMW 2518 TP ,2018,,20,,563,563,10,563,600,,322,,No,,600000
1.51E+12,Truck Daimler 1214R E 4X2 4500 DYC CHS NT GB,2018,,20,,,,10,,,,322,,No,,900000
1.51E+12,Batching Plant othere othere Var978,2001,1045,20,301122211,,,10,,,,322,,No,,8000000
1.51E+12,Cranes Link Belt HC 218,2018,1045,20,,,,10,,,,322,,No,,560000
1.51E+12,Cranes Escorts F15,2018,1045,20,,,,10,,,,322,,No,,5000000
1.51E+12,Bulldozer BEML BD65 varient354,2001,1045,20,12234,100,200,10,400,500,,322,,No,,1234789
1.51E+12,Excavator othere other varient,2008,1045,20,454565465,,,10,,,,322,,No,,800000
1.51E+12,Truck Eicher 10.75 ,2001,1045,20,12,21,234,10,5200,3200,,322,,No,,800000
1.51E+12,Tipper AMW 2518 TP ,2018,1045,20,,563,563,10,563,600,,322,,No,,600000
1.51E+12,Tipper AMW 2518 TP ,2018,1045,20,,563,563,10,563,600,,322,,No,,600000
1.51E+12,Truck Ashok Leyland 2516 XL,2018,1045,20,,,,10,,,,322,,No,,600000
1.51E+12,Soil Compactor Dynapac CA251D,2018,1045,20,,,,10,,,,322,,No,,600000
1.51E+12,Tipper Ashok Leyland 2516 ,2018,44,20,,,,10,,,,322,,No,,1200000
1.51E+12,Truck Ashok Leyland 2516 XL,2018,44,20,,,,10,,,,322,,No,,500000
1.51E+12,Tipper Ashok Leyland 2516 ,2018,44,20,,,,10,,,,322,,No,,300000
1.51E+12,Tipper AMW 2518 TP ,2003,44,20,,563,563,10,563,600,,322,,No,,500000
1.51E+12,Tipper AMW 2518 TP ,2018,44,20,,563,563,10,563,600,,322,,No,,1100000
1.51E+12,Trailer Case New Holland Trailer,2018,44,20,,,,10,,,,322,,No,,800000
1.51E+12,Bus Eicher 10.75 ,2008,44,20,12,21,234,10,1500,3200,,322,,No,,900000
1.51E+12,Soil Compactor Case New Holland 1107,2018,44,20,,,,10,,,,322,,No,,400000
1.51E+12,Tipper Ashok Leyland 2516 ,2018,44,20,,,,10,,,,322,,No,,600000
1.51E+12,Tipper AMW 2518 TP ,2018,44,20,,563,563,10,563,600,,322,,No,,500000
1.51E+12,Bus Eicher 10.75 ,2002,44,20,15,21,234,10,1500,3200,,322,,No,500000,600000
1.51E+12,Rock Breaker Atlas Copco MB 1500,2018,44,20,,,,10,,,,322,,No,,500000
1.51E+12,Wheel Loader Bobcat S590,2018,44,20,,,,10,,,,322,,No,,200000
1.51E+12,Tipper AMW 2518 TP ,2018,44,20,,563,563,10,563,600,,322,,No,,600000
IQ_SJ_Test_1,Backhoe Loader 0101 JCB 3DX ,2018,44,20,,12,12,10,12,12,,322,,No,,600000
IQ_SJ_Test_2,Backhoe Loader 0101 JCB 3DX ,2018,44,20,,12,12,10,12,12,,322,,No,,600000
IQ_SJ_Test_37,Backhoe Loader 0101 JCB 3DX ,2018,44,20,,12,12,10,12,12,,322,,No,,600000
IQ_SJ_Test_3,Backhoe Loader 0101 JCB 3DX ,2018,44,20,,12,12,10,12,12,,322,,No,,600000
1.51E+12,Backhoe Loader 0101 Case New Holland 3 DX,2019,44,20,,,,,,,,322,,No,3400000,408000
IQ_SJ_Test_9,Backhoe Loader 0101 JCB 3DX ,2018,44,20,,12,12,12,12,12,,322,,No,,408000
123_1848685,Backhoe Loader 0101 JCB 3DX ,2011,44,20,,12,12,12,12,12,,322,,No,,200000
111223_1848685,Backhoe Loader 0101 JCB 3DX ,2011,44,20,,12,12,12,12,12,,322,,No,,200000
222112_30828,Backhoe Loader 0101 JCB 3DX ,2008,44,20,,12,12,12,12,12,,322,,No,,250000
1.51E+12,Bulldozer BEML BD65 43434,2019,44,20,,100,200,300,400,500,,322,,No,,878888
1112323_1848685,Backhoe Loader 0101 JCB 3DX ,2011,44,20,,12,12,12,12,12,,322,,No,,200000
1.51E+12,Bus Eicher 10.75 ,2019,44,20,,21,234,2400,1500,3200,,322,,No,,320000
1.51E+12,Bus Eicher 10.9 ,2018,44,20,,,,,,,,322,,No,,320000
1.51E+12,Bus Eicher 10.9 ,2018,44,20,,,,,,,,322,,No,,320000
1.51E+12,Bus Volvo B9R,2019,44,20,,,,,,,,322,,No,,320000
2323_1848,Backhoe Loader 0101 JCB 3DX ,2011,44,20,,12,12,12,12,12,,322,,No,,200000
43433434,Transit Mixer Schwing Stetter Asset1 342343,2008,44,20,,,,,,,,322,,No,,250000
32849843943,Backhoe Loader 0101 JCB 3DX ,2011,44,20,,12,12,12,12,12,,322,,No,,200000
5512965812,Bus Eicher 10.75 ,2001,44,20,503232,60,70,80,60,60,10/10/2014 0:00,322,60,Yes,,500000
1.51E+12,Tipper Ashok Leyland 2518 ,2019,44,20,,150,150,150,150,150,,322,,No,,300000
1.51E+12,Soil Compactor Case New Holland 1107,2019,44,20,,,,,,,,322,,No,,500000
1.51E+12,Forklift Godrej Other ,2018,44,20,,,,,,,1/28/2019 0:00,322,23,Yes,,300000
1.51E+12,Forklift Godrej Other ,2018,44,20,,,,,,,1/28/2019 0:00,322,23,Yes,,300000
1.51E+12,Tipper AMW 2518 TP ,2008,44,20,,563,563,563,563,600,,322,,No,,100000
1.51E+12,Tandem Roller Ingersoll Rand DD90,2012,44,20,,,,,,,,322,,No,,500000
1.51E+12,TEST CATEGORY OTHER other other,2019,44,20,,,,,,,,322,,No,,245000
1.51E+12,Tipper other orthewre,2019,44,20,,,,,,,,322,,No,,245000
1.51E+12,Tipper Ashok Leyland 2518 ,2019,44,20,,150,150,150,150,150,,322,,No,,800090
1.51E+12,Backhoe Loader 0101 Case New Holland Case 770 2020 ,2019,44,20,,,,,,,,322,,No,,800090
1.51E+12,Tipper Ashok Leyland 2518 ,2019,44,20,,150,150,150,150,150,,322,,No,,700700
1.51E+12,Tipper Ashok Leyland 2518,2019,44,20,,150,150,150,150,150,,322,,No,,800090
IQ_SJ_Test_10,Backhoe Loader 0101 JCB 3DX,2018,44,20,,12,12,150,12,12,,322,,No,,800090
IQ_SJ_Test_4,Backhoe Loader 0101 JCB 3DX ,2018,44,20,,12,12,150,12,12,,322,,No,,800090
IQ_SJ_Test_7,Backhoe Loader 0101 JCB 3DX ,2018,44,20,,12,12,150,12,12,,322,,No,,800090
IQ_SJ_Test_6,Backhoe Loader 0101 JCB 3DX ,2018,44,20,,12,12,150,12,12,,322,,No,,800090
IQ_2302_2,Tractor-new Case New Holland 3037 ,2018,44,20,,,,150,,,,322,,No,,800090
IQ_2302_27,Tractor-new Case New Holland 3032 ,2018,44,20,,,,150,,,,322,,No,,800090
IQ_2302_1,Tractor-new Case New Holland 3032 ,2018,44,20,,,,150,,,,322,,No,,800090
IQ_2302_3,Tractor-new Case New Holland 3032 ,2018,44,20,,,,150,,,,322,,No,,800090
IQ_2302_4,Tipper Mitsubishi M 123,2017,44,20,,,,150,,,,322,,No,,344444
IQ_2302_103,Tractor-new Case New Holland 3032 ,2018,44,20,,,,150,,,,322,,No,,344444
IQ_2302_101,Bus Force Tempo Traveller,2018,44,20,56575676,122,122,150,122,122,,322,,No,,344444
IQ_2302_102,Tractor-new Case New Holland 3037 ,2018,44,20,,,,150,,,,322,,No,,344444
IQ_2302_104,Bulldozer BEML BD65,2017,44,20,,100,200,150,400,500,,322,,No,,344444
IQ_2302_106,Tractor-new John Deere 5105,2018,44,20,,,,150,,,,322,,No,,344444
IQ_2302_107,Bulldozer BEML BD65 34534534,2018,44,20,1062020,100,200,150,400,500,,322,,No,,300000
IQ_2302_1011,Tractor jvc 3dx,2018,44,20,,,,150,,,,322,,No,,400000
IQ_2302_1037,Excavator brand123 Lorry Truck,2018,44,20,987678,,,150,,,,322,,No,,300000
IQ_2302_1012,Backhoe Loader JCB 3DX,2018,44,20,,12,12,150,12,12,,322,,No,,300000
IQ_2302_1013,Tractor-new Case New Holland 3032 ,2018,44,20,,,,150,,,,322,,No,,300000
IQ_2302_2011,Tractor-new Case New Holland 3032 ,2018,44,20,,,,150,,,,322,,No,,300000
IQ_2302_2013,Excavator brand123 Excav ,2018,540,20,,,,150,,,,322,,No,,300000
IQ_2302_2012,Transit Mixer Ashok Leyland jvc,2018,540,20,,,,150,,,,322,,No,,300000
IQ_2302_2014,Tractor-new Mahindra ARJUN NOVO ,2017,540,20,,,,150,,,,322,,No,,300000
IQ_2302_2015,Tractor-new CNH INDUSTRIAL New Holland 3510 ,2017,540,20,,,,150,,,,322,,No,,300000
82400715_82400782,Container tata 1615,2017,540,20,,,,150,,,,322,,No,,300000
82400704_82400548,Container tata 1615,2017,540,20,,,,150,,,,322,,No,,300000
83355844_83420916,Trailer Tata LPS 3518,2018,540,20,,,,150,,,,322,,No,,300000
83053805_83054670,Tandem Roller L&T Case 752,2017,540,20,,,,150,,,,322,,No,,566666
IQ_2302_2019,Tandem Roller Greaves BW 151,2018,540,20,,,,150,,,,322,,No,,567777
IQ_2302_2020,Tractor-new Mahindra 255 DI ,2017,540,20,,,,150,,,,322,,No,,567777
IQ_2302_20201,Tractor Mahindra ARJUN NOVO,2017,540,20,,,,150,,,,322,,No,,567777
IQ_2302_20191,Excavator brand123 Excav ch2020212232,2018,540,20,ch202021234,,,150,,,,322,,No,,300000
IQ_2302_50221,Backhoe Loader JCB jcb,2018,540,20,,,,150,,,,322,,No,,300000
IQ_2302_502211,othwr1 othert2 othet3,2018,540,20,,,,150,,,,322,,No,,300000
1.51E+12,Trailer Case New Holland other item,2019,540,20,,,,150,,,,322,,No,,300000
1.51E+12,Excavator brand123 Model 123,2019,540,20,,,,150,,,,322,,No,,345065
1.51E+12,Backhoe Loader 0101 JCB Other ,2019,540,20,,,,150,,,,322,,No,,300000
1.51E+12,Tipper Daimler T 23423,2019,540,20,,,,150,,,,322,,No,,300000
1.51E+12,Truck Eicher 407,2019,540,20,,,,150,,,,322,,No,,300000
1.00E+11,category 2020 brand 2020 model 2020,2019,540,20,,,,150,,,,322,,No,,309899
1.00E+11,Bus 0912 CNG 0912 Bus MD,2019,540,20,,,,150,,,,322,,No,,80000
1.00E+11,Category 1612 Brand 1612 Model 1712,2019,540,20,,,,150,,,,322,,No,,800000
1.00E+11,Category 090120 Brand 090120 Mode2 0901,2020,540,20,,,,150,,,,322,,No,,200000
1.00E+11,Excavator brand123 Model 123 45345,2020,540,20,,,,150,,,,322,,No,,200000
1.00E+11,othere other otheres 4234,2020,540,20,,,,150,,,,322,,No,,200000
1.00E+11,Excavator brand123 Lorry Truck,2020,540,20,,,,150,,,,322,,No,,200000
1.00E+11,Rock Breaker Fine Rock Brkr,2020,540,20,,,,150,,,,322,,No,,200000
1920201,New Catergory New Brand New Model varient,2019,540,20,1803,11,11,150,11,11,12/12/2017 5:30,322,11,Yes,,460000
19202002,Bulldozer L&T D41 E-6 varient,2019,540,20,19202002,11,11,150,11,11,12/12/2017 5:30,322,11,Yes,,460000
230302,cat2303 brand2303 model2303 varient,2019,540,20,230302,11,11,150,11,11,12/12/2017 5:30,322,11,Yes,,460000
230301,New Catergory New Brand New Model varient,2019,540,20,230301,11,11,150,11,11,12/12/2017 5:30,322,11,Yes,,460000
230304,cat2303 brand2303 model2303 varient,2019,540,20,230304,11,11,150,11,11,12/12/2017 5:30,322,11,Yes,,460000
230303,New Catergory New Brand New Model varient,2019,540,20,230303,11,11,150,11,11,12/12/2017 5:30,322,11,Yes,,460000
2303202001,Excavator brand123 model123 varient,2019,540,20,2303202001,11,11,150,11,11,12/12/2017 5:30,322,11,Yes,,460000
2303202004,Hovercraft Tesla NT01 varient,2019,540,20,2303202004,,,150,,,12/12/2017 5:30,322,11,Yes,,460000
2303202005,Excavator brand123 model123 varient,2019,540,20,2303202005,11,11,150,11,11,12/12/2017 5:30,322,11,Yes,,460000
1.00E+11,Excavator brand123 Excav 2403,2020,540,20,,,,150,,,,322,,No,,460000
1.00E+11,Backhoe Loader JCB BabaBlack Sheep 240302,2020,540,20,,,,150,,,,322,,No,,200000
1.00E+11,Rock Breaker Fine Rock Brkr 2420205,2020,540,20,,,,150,,,,322,,No,,460000
1.00E+11,Bus Eicher Sync 06042020,2020,344,20,6042020,,,150,,,,322,,No,,460000
1.00E+11,Excavator brand123 Baba Baba sheep EN0604,2020,344,20,704202001,,,150,,,,322,,No,,600000
1.00E+11,Piling Rig Mait HR180,2020,344,20,,,,150,,,,322,,No,,200000
1.00E+11,Backhoe Loader JCB 3DX,2020,344,20,98776555,12,12,150,12,12,,322,,No,,200000
1.00E+11,Soil Compactor JCB JCB001 EN020304,2020,344,20,,,,150,,,,322,,No,,320000
1.00E+11,Wheel Loader Bobcat S590 enn0708,2020,344,20,,,,150,,,,322,,No,,300000
1.00E+11,Backhoe Loader JCB 3DX,2020,344,20,,12,12,150,12,12,,322,,No,,300000
1.00E+11,Trailer Eicher 35.31 en100820,2020,344,20,,,,150,,,,322,,No,,300000
1.00E+11,Forklift Godrej FL 123 en2020,2020,344,20,,,,150,,,,322,,No,,300000
1.00E+11,Excavator brand123 Baba Baba sheep en1208,2020,344,20,,,,150,,,,322,,No,,300000
1.00E+11,Trailer Eicher 35.31 en011208,2020,344,20,,,,150,,,,322,,No,,300000
1.00E+11,Bus Force Tempo Traveller en021208,2020,344,20,,122,122,150,122,122,,322,,No,,20000
1.00E+11,Bulldozer BEML BD65 en031208,2020,23,20,Sno1208,100,200,150,400,500,,322,,No,,30000
1.00E+11,Excavator brand123 Exca Model wn8776700,2020,12,20,SNown8776700,,,150,,,,322,,No,,30000
1.00E+11,Cranes Escorts HAM2420 en080808,2020,12,20,en080808,,,150,,,,322,,No,,30000
1.00E+11,Piling Rig Mait HR180 EN3108,2020,12,20,EN3108,12,23,150,1200,122,,322,,No,300000,200000
1.00E+11,Rock Breaker Fine 23X Plus EN0109,2020,123,24,EN0109,1200,1200,150,2300,3400,,123,,No,,23000
1.00E+11,Bus Leyland Deere Deeree M1,2020,123,,,,,,,,,,,No,,354354
